iw7_addr,proposed_name,iw7_existing_name,iw8_addr,confidence,score,margin,evidence,prototype
0x1400CA2A0,LUI_LuaCall_LUIPostMatchPackage_PushPerformanceDataToLUIModel_impl,,0x1425AF400,high,52.754,48.961,40 shared string literals (jaccard 0.80); 1 mapped callee(s) in common; 2 shared rare constants; struct_sim=0.97,"__int64 __usercall@<rax>(lua_State *const luaVM@<rcx>, __int128 *__struct_ptr _XMM0@<xmm0>, __int128 *__struct_ptr _XMM1@<xmm1>, __int128 *__struct_ptr _XMM6@<xmm6>, __int128 *__struct_ptr _XMM7@<xmm7>, __int128 *__struct_ptr _XMM8@<xmm8>, __int128 *__struct_ptr _XMM9@<xmm9>, __int128 *__struct_ptr _XMM10@<xmm10>, __int128 *__struct_ptr _XMM11@<xmm11>, __int128 *__struct_ptr _XMM12@<xmm12>, __int128 *__struct_ptr _XMM13@<xmm13>, __int128 *__struct_ptr _XMM14@<xmm14>)"
0x1404D09F0,LUI_LuaCall_LUIElement_SetupAnchoredElement_impl,,0x1425C81E0,high,46.31,43.137,36 shared string literals (jaccard 0.64); 3 shared rare constants; struct_sim=0.84,"__int64 __usercall@<rax>(lua_State *const luaVM@<rcx>, __int128 *__struct_ptr _XMM0@<xmm0>, __int128 *__struct_ptr _XMM6@<xmm6>, __int128 *__struct_ptr _XMM7@<xmm7>, __int128 *__struct_ptr _XMM8@<xmm8>)"
0x1414128A0,hkMemoryTrackerReportUtil::generateReport,,0x142B23A60,high,41.233,39.319,31 shared string literals (jaccard 0.97); 4 shared rare constants; struct_sim=0.98,"void __fastcall(const hkMemorySnapshot *memorySnapshot, const hkMemoryTrackerSnapshot *trackerSnapshot, hkOstream *stream)"
0x1400EF4C0,LUI_DataBinding_PushLobbyDataToModel,,0x142641A60,high,29.774,25.819,23 shared string literals (jaccard 0.61); 1 shared rare constant; struct_sim=0.78,"void __usercall(const PartyData *partyData@<rcx>, unsigned __int16 baseModel@<dx>, __int128 *__struct_ptr _XMM0@<xmm0>, __int128 *__struct_ptr _XMM1@<xmm1>)"
0x141193C20,cf2_interpT2CharString,,0x1430CCDB0,high,28.898,26.16,callee set agrees: 28/28 mapped callees (jaccard 1.00); 2 shared rare constants; struct_sim=1.00,"void __fastcall(CF2_FontRec_ *font, CF2_BufferRec_ *buf, CF2_OutlineCallbacksRec_ *callbacks, const FT_Vector_ *translation, char doingSeac, int curX, int curY, int *width)"
0x14B9D077F,bdBitBuffer::typeToString,,0x143598140,high,28.444,26.108,22 shared string literals (jaccard 1.00); struct_sim=0.70,"void __fastcall(const bdBitBufferDataType type, char *const strBuffer, const unsigned __int64 strLength)"
0x14126CBA3,bdUnoAccountInfo::deserializeFromJSON,,0x1435B16E0,high,28.069,5.01,22 shared string literals (jaccard 0.76); struct_sim=0.61,"char __fastcall(bdUnoAccountInfo *this, bdJSONDeserializer *json)"
0x141013E50,UhkcdDefaultStaticMeshTree::Builder::build,,0x142E4E4A0,high,27.934,27.934,20 shared string literals (jaccard 0.54); 5 shared rare constants; struct_sim=0.93,"bool __usercall@<al>(const hkcdStaticMeshTree::BuildConfig *baseConfig@<rcx>, hkcdStaticMeshTree::GeometryProvider *provider@<rdx>, hkcdStaticMeshTree::BuildMappings *mapping@<r8>, hkcdDefaultStaticMeshTree *meshOut@<r9>, __int128 _XMM0@<xmm0>, __int128 _XMM6@<xmm6>)"
0x14011D0B0,CG_LoadCinematicCameraFile,,0x141BE53A0,high,27.453,24.445,20 shared string literals (jaccard 0.53); 1 mapped callee(s) in common; 1 shared rare constant; struct_sim=0.82,"void __usercall(const char *fileName@<rcx>, const int sceneSlotIndex@<edx>, __int128 *__struct_ptr _XMM0@<xmm0>, __int128 *__struct_ptr _XMM1@<xmm1>, __int128 *@<xmm7>)"
0x1408C0AF0,CG_VisionSetBuildBlendTree,,0x141DB3DA0,high,26.924,24.627,18 shared string literals (jaccard 0.62); 1 mapped callee(s) in common; 5 shared rare constants; struct_sim=0.67,void __fastcall(ClientVisionSetData *cvsData)
0x140512F20,DumpTimeSyncData,,0x140DEE600,high,24.92,3.192,18 shared string literals (jaccard 0.67); 4 shared rare constants; struct_sim=0.70,"void __fastcall(const unsigned int startTime, const unsigned int endTime)"
0x1411B6830,BDF_Face_Init,,0x1430F8250,high,24.085,21.385,11 shared string literals (jaccard 1.00); callee set agrees: 4/4 mapped callees (jaccard 1.00); 10 shared rare constants; struct_sim=0.99,"__int64 __usercall@<rax>(FT_StreamRec_ *stream@<rcx>, FT_FaceRec_ *bdfface@<rdx>, int face_index@<r8d>, int num_params@<r9d>, __m256i *@<ymm0>)"
0x14050B1C0,LUI_DataBindingMP_PushBroshotData,,0x142643C80,high,21.593,19.234,16 shared string literals (jaccard 0.94); struct_sim=0.97,"void __fastcall(LocalClientNum_t localClientNum, const PodiumData *data, const int dataCount)"
0x1411B8B40,_bdf_parse_start,,0x1430FACF0,high,21.522,19.367,7 shared string literals (jaccard 0.64); callee set agrees: 10/10 mapped callees (jaccard 1.00); 3 shared rare constants; struct_sim=0.99,"__int64 __fastcall(char *line, unsigned int linelen, unsigned int lineno, void *call_data, void *client_data)"
0x14011DFE0,CG_ParsePanCameraToken,,0x141BE7B70,high,20.994,20.994,16 shared string literals (jaccard 0.70); struct_sim=0.73,"_BOOL8 __usercall@<rax>(const char *token@<rcx>, const char *tokenValue@<rdx>, const int fileVersion@<r8d>, CinematicCameraSettings *camSettings@<r9>, __int128 *__struct_ptr _XMM0@<xmm0>)"
0x1406CC3E0,LUIElement_UITechyDigitsLayout,,0x1425BD190,high,20.787,13.252,14 shared string literals (jaccard 0.61); 1 mapped callee(s) in common; 2 shared rare constants; struct_sim=0.85,"void __usercall(const LocalClientNum_t localClientNum@<ecx>, LUIElement *element@<rdx>, __int128 *__struct_ptr unitScale@<xmm2>, int deltaTime@<r9d>, __int128 *__struct_ptr _XMM0@<xmm0>, __int128 *__struct_ptr _XMM1@<xmm1>, __int128 *__struct_ptr _XMM7@<xmm7>, lua_State *luaVM)"
0x1400CB170,LUI_LuaCall_LUIPostMatchPackage_PushScoreboardDataToLUIModel_impl,,0x1425B0780,high,20.284,13.746,15 shared string literals (jaccard 0.54); 1 shared rare constant; struct_sim=0.90,"__int64 __usercall@<rax>(lua_State *const luaVM@<rcx>, __int128 *__struct_ptr _XMM0@<xmm0>)"
0x14118F900,cff_face_init,,0x1430C7B30,high,19.785,14.173,6 shared string literals (jaccard 1.00); callee set agrees: 6/7 mapped callees (jaccard 0.86); 10 shared rare constants; struct_sim=1.00,"__int64 __usercall@<rax>(FT_StreamRec_ *stream@<rcx>, FT_FaceRec_ *cffface@<rdx>, int face_index@<r8d>, int num_params@<r9d>, __int128 *@<xmm1>, FT_Parameter_ *params)"
0x1405214B0,OnlineMatchmakerOmniscient::GetStateString,,0x140E025A0,high,18.726,16.176,14 shared string literals (jaccard 0.82); struct_sim=0.74,"const char *__fastcall(OnlineMatchmakerOmniscient *this, const MatchmakerOmniscientState state)"
0x1400E4AA0,LUI_LuaCall_LUIElement_SetupRadarTargeting_impl,,0x1425F9740,high,18.507,16.12,12 shared string literals (jaccard 0.71); 1 mapped callee(s) in common; 2 shared rare constants; struct_sim=0.60,"__int64 __usercall@<rax>(lua_State *const luaVM@<rcx>, __int128 *__struct_ptr _XMM0@<xmm0>, __int128 *__struct_ptr _XMM6@<xmm6>, __int128 *__struct_ptr _XMM7@<xmm7>, __int128 *__struct_ptr _XMM8@<xmm8>)"
0x1400CD520,LUI_LuaCall_LUIElement_SetupChyronBlock_impl,,0x1425CC250,high,18.252,15.796,12 shared string literals (jaccard 0.60); 1 mapped callee(s) in common; 1 shared rare constant; struct_sim=0.77,__int64 __fastcall(lua_State *const luaVM)
0x140F0B2B0,hkJobQueue::processAllJobs,,0x142B4B6A0,high,17.962,15.658,13 shared string literals (jaccard 1.00); struct_sim=0.91,"hkJobQueue::JobStatus __fastcall(hkJobQueue *this, bool addTimers)"
0x140CD07E0,CL_Keys_GetAlternateCommandAssignmentInternal,,0x141A26D40,high,17.793,13.672,12 shared string literals (jaccard 0.55); 1 mapped callee(s) in common; struct_sim=0.77,"__int64 __fastcall(const LocalClientNum_t localClientNum, const char *const command, int *twokeys, const InputMethod inputMethod, const InputContext inputContext)"
0x14011D800,CG_ParseCinematicCameraCutToken,,0x141BE6530,high,17.039,17.039,callee set agrees: 4/4 mapped callees (jaccard 1.00); struct_sim=0.63,"__int64 __usercall@<rax>(const char *token@<rcx>, const char *tokenValue@<rdx>, const char *sceneName@<r8>, const int fileVersion@<r9d>, __int128 *__struct_ptr _XMM0@<xmm0>, __int128 *__struct_ptr _XMM1@<xmm1>, __int128 *__struct_ptr _XMM7@<xmm7>, CinematicCameraSettings *camSettings)"
0x1405210B0,OnlineMatchmakerOmniscient::GetLobbyStateString,,0x140E00F80,high,16.719,14.156,12 shared string literals (jaccard 0.86); struct_sim=0.97,"const char *__fastcall(OnlineMatchmakerOmniscient *this, const MatchmakerLobbyState state)"
0x14010A260,GameBattles_PushMatchToLUI,,0x140B912C0,high,16.435,13.816,12 shared string literals (jaccard 0.71); struct_sim=0.89,"bool __fastcall(lua_State *luaVM, const int controllerIndex, const unsigned int matchIndex)"
0x1407673F0,CG_ParseExploder,,0x141BFB040,high,16.005,3.769,11 shared string literals (jaccard 0.52); 1 shared matched global; struct_sim=0.79,"char *__fastcall(LocalClientNum_t localClientNum, const char *line, EffectDefMap *effectDefMap, int *effectDefMapEntries)"
0x1400EE660,LUI_DataBindingLobby_PushMapVoteDataToModel,,0x14263E9C0,high,15.615,13.154,11 shared string literals (jaccard 0.58); struct_sim=0.82,"void __fastcall(const PartyData *partyData, unsigned __int16 baseModel)"
0x1411A19F0,pcf_interpret_style,,0x1430DE310,high,15.137,2.31,8 shared string literals (jaccard 1.00); 1 mapped callee(s) in common; 2 shared rare constants; struct_sim=0.96,"__int64 __usercall@<rax>(PCF_FaceRec_ *pcf@<rcx>, __m256i *__struct_ptr _YMM0@<ymm0>)"
0x140B8AAF0,LiveStorage_CS_IsTaskInProgress,,0x1413B7170,high,14.76,12.707,10 shared string literals (jaccard 0.91); 1 shared rare constant; struct_sim=0.97,"char __fastcall(const int controllerIndex, const char *taskName)"
0x140E79C10,stbi__process_frame_header,,0x143855D60,high,14.63,10.866,10 shared string literals (jaccard 0.91); 1 shared rare constant; struct_sim=0.88,"__int64 __fastcall(stbi__jpeg *z, int scan)"
0x1411B9B60,bdf_interpret_style,,0x1430FC0F0,high,14.538,11.919,8 shared string literals (jaccard 1.00); 1 mapped callee(s) in common; 2 shared rare constants; struct_sim=0.96,"__int64 __usercall@<rax>(BDF_FaceRec_ *bdf@<rcx>, __m256i *__struct_ptr _YMM0@<ymm0>)"
0x1411B88D0,_bdf_parse_properties,,0x1430FA9F0,high,14.269,5.897,4 shared string literals (jaccard 0.50); callee set agrees: 7/7 mapped callees (jaccard 1.00); 1 shared rare constant; struct_sim=0.98,"__int64 __fastcall(char *line, unsigned int linelen, unsigned int lineno, void *call_data, void *client_data)"
0x141233130,bdDataChannelDispatch::updateInternal,,0x14355ED90,high,14.111,11.34,10 shared string literals (jaccard 0.67); 1 shared rare constant; struct_sim=0.70,void __fastcall(bdDataChannelDispatch *this)
0x14040E210,Target_Flush,,0x140CEFFE0,high,14.094,10.074,10 shared string literals (jaccard 0.62); 1 shared matched global; struct_sim=0.65,void __fastcall(unsigned int targetIndex)
0x14040BBB0,G_Targets_Load,,0x140CEBD40,high,14.092,11.29,10 shared string literals (jaccard 0.50); 1 shared rare constant; struct_sim=0.79,"void __usercall(__int128 _XMM0@<xmm0>, __int128 _XMM2@<xmm2>, __int128 _XMM3@<xmm3>, __int128 _XMM6@<xmm6>, __int128 _XMM7@<xmm7>, __int128 _XMM8@<xmm8>)"
0x140B52300,SetClientTriggerAudioZonePartial,,0x1413242A0,high,13.865,11.31,10 shared string literals (jaccard 0.77); struct_sim=0.73,"void __fastcall(scrContext_t *scrContext, scr_entref_t entref, const char *zoneName, int priorityIndex, const float fadetime, const int startParamIndex)"
0x1411020A0,hknpCompositeCompositeTimers::exportTimers,,0x143024C40,high,13.849,13.849,10 shared string literals (jaccard 1.00); struct_sim=0.57,"void __usercall(hknpCompositeCompositeTimers *this@<rcx>, hkMonitorStream *stream@<rdx>, __int128 _XMM2@<xmm2>)"
0x1411C40B0,lj_cf_debug_getinfo,,0x143828B60,high,13.771,8.367,9 shared string literals (jaccard 0.50); 3 shared rare constants; struct_sim=0.85,__int64 __fastcall(lua_State *L)
0x140523DF0,OnlineMatchmakerOmniscient::QosCompleteCallback,,0x140E09D80,high,13.604,8.95,8 shared string literals (jaccard 0.62); 1 mapped callee(s) in common; 1 shared rare constant; struct_sim=0.86,"void __fastcall(OnlineMatchmakerOmniscient *this, const tQosEntry *result)"
0x14011E480,CG_ParseRotateCameraToken,,0x141BE8870,high,13.558,13.558,10 shared string literals (jaccard 0.56); struct_sim=0.67,"__int64 __usercall@<rax>(const char *token@<rcx>, const char *tokenValue@<rdx>, const int fileVersion@<r8d>, CinematicCameraSettings *camSettings@<r9>, __int128 *__struct_ptr _XMM0@<xmm0>)"
0x141101820,hknpCvxCvxDetectorTimers::exportTimers,,0x1430253E0,high,13.534,13.534,10 shared string literals (jaccard 0.62); struct_sim=0.61,"void __usercall(hknpCvxCvxDetectorTimers *this@<rcx>, hkMonitorStream *stream@<rdx>, __int128 _XMM2@<xmm2>)"
0x140F048A0,hkTaskGraph::printDot,,0x142B19220,high,13.326,13.326,6 shared string literals (jaccard 1.00); 1 mapped callee(s) in common; 5 shared rare constants; struct_sim=0.95,"void __fastcall(hkTaskGraph *this, hkOstream *outStream)"
0x1401104E0,OnlineTimeSeriesLog::CollectMetrics_Client,,0x140BF9F00,high,13.189,13.189,9 shared string literals (jaccard 1.00); struct_sim=0.93,void __fastcall(OnlineTimeSeriesLog *this)
0x14011E8E0,CG_ParseZoomCameraToken,,0x141BE9990,high,13.009,13.009,8 shared string literals (jaccard 0.57); 1 mapped callee(s) in common; struct_sim=0.76,"__int64 __usercall@<rax>(const char *token@<rcx>, const char *tokenValue@<rdx>, const int fileVersion@<r8d>, CinematicCameraSettings *camSettings@<r9>, __int128 *__struct_ptr _XMM0@<xmm0>)"
0x140F48A00,hkcdDynamicSimdTree::checkIntegrity,,0x142DC35E0,high,12.894,10.079,6 shared string literals (jaccard 0.67); 9 shared rare constants; struct_sim=0.95,void __fastcall(hkcdDynamicSimdTree *this)
0x14128E168,bdNATTravClient::receiveFrom,,0x1437601C0,high,12.798,10.214,9 shared string literals (jaccard 0.53); 1 shared matched global; struct_sim=0.65,"void __usercall(bdNATTravClient *this@<rcx>, const bdAddr *addr@<rdx>, bdNATTraversalPacket *packet@<r8>, signed __int64@<rax>, __int128 _XMM0@<xmm0>, __int128 _XMM6@<xmm6>, __int128 _XMM7@<xmm7>)"
0x141193320,cf2_hintmap_build,,0x1430CC2B0,high,12.769,10.744,callee set agrees: 9/9 mapped callees (jaccard 1.00); caller set agrees: 4/4 mapped callers (jaccard 1.00); struct_sim=0.98,"void __fastcall(CF2_HintMapRec_ *hintmap, CF2_ArrStackRec_ *hStemHintArray, CF2_ArrStackRec_ *vStemHintArray, CF2_HintMaskRec_ *hintMask, int hintOrigin, char initialMap)"
0x141101E30,hknpCvxCompositeTimers::exportTimers,,0x1430251B0,high,12.677,1.455,9 shared string literals (jaccard 1.00); struct_sim=0.58,"void __usercall(hknpCvxCompositeTimers *this@<rcx>, hkMonitorStream *stream@<rdx>, __int128 _XMM2@<xmm2>)"
0x140F47A70,hkcdSimdTree::checkIntegrity,,0x142DC3C50,high,12.666,12.666,6 shared string literals (jaccard 0.67); 9 shared rare constants; struct_sim=0.80,"void __usercall(hkcdSimdTree *this@<rcx>, __int128 _XMM2@<xmm2>, __int128 _XMM6@<xmm6>, __int128 _XMM7@<xmm7>, __int128 _XMM8@<xmm8>, __int128 _XMM9@<xmm9>)"
0x1413751B0,hkgpCgoInternal::checkIntegrity,,0x143949CE0,high,12.479,10.049,6 shared string literals (jaccard 1.00); 7 shared rare constants; struct_sim=0.99,__int64 __fastcall(hkgpCgoInternal *this)
0x14118B670,T1_Get_MM_Var,,0x1430C2F70,high,12.041,9.393,3 shared string literals (jaccard 1.00); callee set agrees: 4/4 mapped callees (jaccard 1.00); 4 shared rare constants; struct_sim=0.96,"__int64 __fastcall(T1_FaceRec_ *face, FT_MM_Var_ **master)"
0x1400D6FE0,LUI_LuaCall_LUIElement_SetupScopeReticleSpacer_impl,,0x1425FC9D0,high,11.962,11.962,8 shared string literals (jaccard 0.89); 1 shared rare constant; struct_sim=0.72,"__int64 __usercall@<rax>(lua_State *const luaVM@<rcx>, __int128 *__struct_ptr _XMM0@<xmm0>)"
0x140616390,LUI_CoD_QueueMouseInput,,0x142451A00,high,11.944,8.021,8 shared string literals (jaccard 0.80); 1 shared rare constant; struct_sim=0.76,"bool __fastcall(int controllerIndex, int key, int down, float *outScreenX, float *outScreenY, const char **outRootName)"
0x1406ADBD0,LUI_DataBinding_UpdatePlayerCard,,0x14260D070,high,11.912,9.24,8 shared string literals (jaccard 0.89); struct_sim=0.95,void()
0x14117F6B0,TT_Get_MM_Var,,0x1430B3EF0,high,11.672,4.762,4 shared string literals (jaccard 1.00); caller set overlaps: 2/2 mapped callers (jaccard 1.00); 8 shared rare constants; struct_sim=0.98,"int __fastcall(TT_FaceRec_ *face, FT_MM_Var_ **master)"
0x141083A40,hknpWorldEx::preCollide,,0x142E94160,high,11.538,11.538,7 shared string literals (jaccard 1.00); 2 shared rare constants; struct_sim=0.89,"void __fastcall(hknpWorldEx *this, const hknpStepInput *stepInput)"
0x140767C40,CG_ParseIntervalSound,,0x141BFD6A0,high,11.432,4.473,7 shared string literals (jaccard 0.78); 1 shared matched global; struct_sim=0.77,"const char *__usercall@<rax>(LocalClientNum_t localClientNum@<ecx>, const char *line@<rdx>, __int128 *__struct_ptr _XMM6@<xmm6>, __int128 *__struct_ptr _XMM7@<xmm7>)"
0x140E77F70,db_inflate_trees_dynamic,,0x1437C5BA0,high,11.396,11.396,5 shared string literals (jaccard 1.00); 1 mapped callee(s) in common; 3 shared rare constants; struct_sim=1.00,"__int64 __fastcall(unsigned int nl, unsigned int nd, unsigned int *c, unsigned int *bl, unsigned int *bd, db_inflate_huft_s **tl, db_inflate_huft_s **td, db_inflate_huft_s *hp, db_z_stream_s *z)"
0x140766F40,CG_ParseEffect,,0x141BFA4E0,high,11.387,3.91,7 shared string literals (jaccard 0.70); 1 shared matched global; struct_sim=0.79,"char *__fastcall(LocalClientNum_t localClientNum, const char *line, EffectDefMap *effectDefMap, int *effectDefMapEntries)"
0x1410CADB0,hknpInternalCommandProcessor::print,,0x142F7A440,high,11.087,11.087,7 shared string literals (jaccard 0.88); 1 shared rare constant; struct_sim=0.94,"void __fastcall(hknpInternalCommandProcessor *this, const hkCommand *command, hkOstream *stream)"
0x1410F1930,hknpPrepareNarrowPhasePairsTask::processImpl,,0x143038890,high,11.062,11.062,7 shared string literals (jaccard 0.54); 2 shared rare constants; struct_sim=0.88,"void __usercall(hknpPrepareNarrowPhasePairsTask *this@<rcx>, hknpSimulationThreadContext *threadContext@<rdx>, __int128 _XMM2@<xmm2>)"
0x141101B70,hknpCvxCompositeKeysTimers::exportTimers,,0x143024EA0,high,10.998,10.998,8 shared string literals (jaccard 0.53); struct_sim=0.58,"void __usercall(hknpCvxCompositeKeysTimers *this@<rcx>, hkMonitorStream *stream@<rdx>, __int128 _XMM2@<xmm2>)"
0x1400C9E40,LUI_LuaCall_LUIPostMatchPackage_PushCPScoreboardDataToLUIModel_impl,,0x1425AEE10,high,10.937,8.149,7 shared string literals (jaccard 0.70); 1 shared rare constant; struct_sim=0.96,"__int64 __usercall@<rax>(lua_State *const luaVM@<rcx>, __int128 *__struct_ptr _XMM0@<xmm0>)"
0x140E96CF0,Umbra::?1QueryContext,,0x1429429F0,high,10.903,8.864,7 shared string literals (jaccard 0.58); 2 shared rare constants; struct_sim=0.75,"void __usercall(Umbra::QueryContext *this@<rcx>, __int128 _XMM6@<xmm6>, __int128 _XMM7@<xmm7>, __int128 _XMM8@<xmm8>, __int128 _XMM9@<xmm9>, __int128 _XMM10@<xmm10>, __int128 _XMM11@<xmm11>, __int128 _XMM12@<xmm12>, __int128 _XMM13@<xmm13>, __int128 _XMM14@<xmm14>, __int128 _XMM15@<xmm15>)"
0x14052FDC0,Online_Redeemables::RedeemCodeOpenDialog,,0x14268B510,high,10.769,1.357,7 shared string literals (jaccard 0.50); 1 shared rare constant; struct_sim=0.98,"char __fastcall(Online_Redeemables *this, const int controllerIndex, const char *const code)"
0x140F1DF60,hkMemorySnapshot::dumpAllocation,,0x142B5BA90,high,10.69,8.374,7 shared string literals (jaccard 1.00); struct_sim=0.86,"void __fastcall(hkMemorySnapshot *this, const hkMemorySnapshot::Allocation *alloc, hkOstream *stream, int sourceId)"
0x1410CD3F0,hknpSingleThreadedSimulation::solve,,0x142F7D340,high,10.645,10.645,7 shared string literals (jaccard 0.70); 1 shared rare constant; struct_sim=0.76,"void __fastcall(hknpSingleThreadedSimulation *this, hknpSimulationContext *simulationContext, hknpTaskGraph *__formal, hkTaskQueue *__formal)"
0x1410EA9C0,hknpSolverUtil::solveSt,,0x143020390,high,10.488,10.488,7 shared string literals (jaccard 0.78); struct_sim=0.87,"void __fastcall(hknpSimulationContext *simulationContext, hknpSimulationThreadContext *tl, hknpCsAbstractJacGrid *jacGrids, hknpSolverVelocity *solverVel, hknpSolverSumVelocity *solverSumVel, int numSolverVel, hkBlockStream *solverTempsStream)"
0x1411C4E20,lj_cf_os_date,,0x143826AE0,high,10.219,2.762,6 shared string literals (jaccard 1.00); 2 shared rare constants; struct_sim=0.81,"__int64 __usercall@<rax>(lua_State *L@<rcx>, __int128 _XMM0@<xmm0>)"
0x14119D6C0,T42_Face_Init,,0x1430D8F90,high,10.2,7.6,3 shared string literals (jaccard 1.00); 1 mapped callee(s) in common; 6 shared rare constants; struct_sim=1.00,"__int64 __fastcall(FT_StreamRec_ *stream, FT_FaceRec_ *t42face, int face_index, int num_params, FT_Parameter_ *params)"
0x140B09D90,PlayerCmd_SetActionSlot,,0x141267470,high,10.169,7.627,7 shared string literals (jaccard 0.54); struct_sim=0.82,"__int64 __fastcall(scrContext_t *scrContext, playerState_s *ps, int allowWeaponCreate)"
0x1410B31C0,hknpContactImpulseClippedEvent::printCommand,,0x142F3E2A0,high,10.047,1.486,6 shared string literals (jaccard 1.00); 1 shared rare constant; struct_sim=0.96,"void __fastcall(hknpContactImpulseClippedEvent *this, const hknpWorld *world, hkOstream *out)"
0x1410CA600,hknpMotionWeldTOICommand::printCommand,,0x142F7A7C0,high,10.047,6.942,6 shared string literals (jaccard 1.00); 1 shared rare constant; struct_sim=0.96,"void __fastcall(hknpMotionWeldTOICommand *this, const hknpWorld *world, hkOstream *out)"
0x140DB2070,dwAssertHandler,,0x1419B0110,high,9.971,5.224,5 shared string literals (jaccard 0.56); 1 mapped callee(s) in common; 1 shared rare constant; struct_sim=0.88,"void __fastcall(const bool expr, const char *const exprString, const char *const file, const char *const function, const unsigned int line, const char *const format, char *args)"
0x1406D2340,LUI_LuaCall_LUIElement_setupTechyDigits,,0x1425C07C0,high,9.915,7.35,5 shared string literals (jaccard 0.62); 1 mapped callee(s) in common; 1 shared rare constant; struct_sim=0.79,"__int64 __usercall@<rax>(lua_State *luaVM@<rcx>, __int128 _XMM1@<xmm1>)"
0x14129E7F0,bdECCKey::generateSharedSecret,,0x143A90C30,high,9.848,7.536,5 shared string literals (jaccard 0.71); 1 mapped callee(s) in common; struct_sim=0.96,"__int64 __fastcall(bdECCKey *this, const char *const publicKey, const unsigned int publicKeyLen, char *secretBuffer, const unsigned int secretBufferLen)"
0x141049BA0,hknpExternMeshShape::rebuild,,0x142E66E60,high,9.727,6.807,5 shared string literals (jaccard 0.62); 5 shared rare constants; struct_sim=0.73,"_DWORD *__usercall@<rax>(hknpExternMeshShape *this@<rcx>, _DWORD *flags@<rdx>, __int128 degenerateTriangleTolerance@<xmm2>, int@<r8d>, __int128 _XMM0@<xmm0>, __int128 _XMM3@<xmm3>, __int128 _XMM6@<xmm6>, __int128 _XMM7@<xmm7>)"
0x140767F60,CG_ParseReactiveSound,,0x141BFDE40,high,9.689,9.689,6 shared string literals (jaccard 0.75); struct_sim=0.76,"const char *__usercall@<rax>(LocalClientNum_t localClientNum@<ecx>, const char *line@<rdx>, __int128 *__struct_ptr _XMM6@<xmm6>)"
0x140F08860,hkReferenceCountError,,0x142AF22B0,high,9.614,7.227,6 shared string literals (jaccard 0.55); 1 shared rare constant; struct_sim=0.98,"void __fastcall(const hkReferencedObject *o, const char *why)"
0x140523A90,OnlineMatchmakerOmniscient::PumpCallbacks,,0x140E09880,high,9.545,7.384,6 shared string literals (jaccard 0.55); 1 shared rare constant; struct_sim=0.93,void __fastcall(OnlineMatchmakerOmniscient *this)
0x141191970,cf2_font_setup,,0x1430CA390,high,9.397,7.724,callee set agrees: 5/5 mapped callees (jaccard 1.00); 5 shared rare constants; struct_sim=1.00,"void __fastcall(CF2_FontRec_ *font, const CF2_Matrix_ *transform)"
0x14107CDB0,hknpWorld::addBodies,,0x142E8BB30,high,9.382,2.878,4 shared string literals (jaccard 0.80); 6 shared rare constants; struct_sim=0.92,"void __usercall(hknpWorld *this@<rcx>, const hknpBodyId *ids@<rdx>, int numIds@<r8d>, hknpWorldWriter::AdditionMode additionMode@<r9d>, __int128 _XMM6@<xmm6>, __int128 _XMM7@<xmm7>, __int128 _XMM8@<xmm8>, __int128 _XMM9@<xmm9>, __int128 _XMM10@<xmm10>, __int128 _XMM11@<xmm11>, hknpWorldWriter::ActivationMode activationMode)"
0x141199A50,cid_parser_new,,0x1430D42F0,high,9.379,9.379,4 shared string literals (jaccard 1.00); 1 mapped callee(s) in common; 2 shared rare constants; struct_sim=0.99,"__int64 __fastcall(CID_Parser_ *parser, FT_StreamRec_ *stream, FT_MemoryRec_ *memory, PSAux_ServiceRec_ *psaux)"
0x14107D5E0,hknpWorld::removeBodies,,0x142E95A20,high,9.307,5.487,4 shared string literals (jaccard 1.00); 6 shared rare constants; struct_sim=0.74,"void __fastcall(hknpWorld *this, const hknpBodyId *bodyIds, int numBodies, hknpWorldWriter::ActivationMode activationMode)"
0x141197750,cff_slot_load,,0x1430D1890,high,9.283,7.164,callee set agrees: 6/6 mapped callees (jaccard 1.00); 4 shared rare constants; struct_sim=0.99,"__int64 __fastcall(CFF_GlyphSlotRec_ *glyph, CFF_SizeRec_ *size, unsigned int glyph_index, int load_flags)"
0x14126BC56,bdUmbrellaUserAccount::deserializeFromJSON,,0x143650720,high,9.21,6.682,6 shared string literals (jaccard 0.67); 1 shared rare constant; struct_sim=0.63,"_BOOL8 __fastcall(bdUmbrellaUserAccount *this, bdJSONDeserializer *json)"
0x14119A920,pfr_face_init,,0x1430D5550,high,9.2,7.525,callee set agrees: 5/5 mapped callees (jaccard 1.00); 6 shared rare constants; struct_sim=1.00,"int __fastcall(FT_StreamRec_ *stream, FT_FaceRec_ *pfrface, int face_index, int num_params)"
0x14022CEE0,CgCompassSystemMP::InitCompassColors,,0x141E6B080,high,9.091,9.091,6 shared string literals (jaccard 0.55); 1 shared rare constant; struct_sim=0.63,"void __usercall(CgCompassSystemMP *this@<rcx>, __int128 _XMM0@<xmm0>, __int128 _XMM1@<xmm1>, __int128 _XMM6@<xmm6>, __int128 _XMM7@<xmm7>)"
0x1400A5FE0,WriteStructure,,0x1409B1BA0,high,9.03,6.621,6 shared string literals (jaccard 0.67); struct_sim=0.78,"void __fastcall(TextWriter *writer, const DDLStruct *structure, const DDLDef *def)"
0x1411A3E40,ps_parser_load_field,,0x1430E10B0,high,8.979,8.979,callee set agrees: 7/7 mapped callees (jaccard 1.00); 1 shared rare constant; struct_sim=0.99,"__int64 __fastcall(PS_ParserRec_ *parser, T1_FieldRec_ *const field, void **objects, unsigned int max_objects)"
0x14BFDCEEC,bdUPnP::startDiscovery,,0x1437263C0,high,8.943,8.943,6 shared string literals (jaccard 0.75); struct_sim=0.66,__int64 __fastcall(bdUPnP *this)
0x14011DCC0,CG_ParseFixedCameraToken,,0x141BE7040,high,8.805,8.805,6 shared string literals (jaccard 0.50); struct_sim=0.74,"__int64 __usercall@<rax>(const char *token@<rcx>, const char *tokenValue@<rdx>, CinematicCameraSettings *camSettings@<r9>, __int128 *@<xmm0>)"
0x14107DA30,hknpWorld::destroyBodies,,0x142E8F7F0,high,8.784,8.784,4 shared string literals (jaccard 1.00); 4 shared rare constants; struct_sim=0.92,"void __fastcall(hknpWorld *this, const hknpBodyId *bodyIds, int numBodies, hknpWorldWriter::ActivationMode activationMode)"
0x14123F590,bdMallocMemory::eraseMemory,,0x143599B60,high,8.7,3.305,"identical 41-instruction sequence, unique in both binaries; 3 shared string literals (jaccard 0.60); struct_sim=1.00",void __fastcall(bdMallocMemory::bdMemoryChainElement *link)
0x141281110,bdGetHostByName::quit,,0x1437232C0,high,8.7,6.155,"identical 34-instruction sequence, unique in both binaries; 3 shared string literals (jaccard 0.60); struct_sim=1.00",void __fastcall(bdGetHostByName *this)
0x1412948A7,bdNATTypeDiscoveryClient::pumpActiveTest,,0x1437542A0,high,8.687,6.399,6 shared string literals (jaccard 0.55); struct_sim=0.63,"void __usercall(bdNATTypeDiscoveryClient *this@<rcx>, __int128 _XMM0@<xmm0>)"
0x14129E6E0,bdECCKey::exportKey,,0x143A90AE0,high,8.661,4.503,4 shared string literals (jaccard 0.67); 1 mapped callee(s) in common; struct_sim=1.00,"bool __fastcall(bdECCKey *this, char *const pubKey, unsigned int *keylen)"
0x14119E060,t42_parse_encoding,,0x1430D9B50,high,8.598,6.315,4 shared string literals (jaccard 1.00); 1 mapped callee(s) in common; struct_sim=1.00,"void __fastcall(T42_FaceRec_ *face, T42_Loader_ *loader)"
0x1406CBE60,LUIElement_UILongCountdownLayout,,0x1425BCF00,high,8.504,5.525,4 shared string literals (jaccard 0.80); 4 shared rare constants; struct_sim=0.87,"void __usercall(const LocalClientNum_t localClientNum@<ecx>, LUIElement *element@<rdx>, __int128 *__struct_ptr unitScale@<xmm2>, int deltaTime@<r9d>, __int128 *__struct_ptr _XMM6@<xmm6>, lua_State *luaVM)"
0x140EAAF60,bfx::TimerManager::WriteFrameTimers,,0x1429FD940,high,8.496,8.496,5 shared string literals (jaccard 1.00); struct_sim=1.00,"void __fastcall(bfx::TimerManager *this, bfx::LogDevice *pLogDevice)"
0x140768230,CG_ParseSound,,0x141BFE4E0,high,8.457,8.457,5 shared string literals (jaccard 0.71); struct_sim=0.76,"const char *__fastcall(LocalClientNum_t localClientNum, const char *line)"
0x1413AABA0,hkVisualDebugger::capture,,0x142C27A70,high,8.395,4.928,4 shared string literals (jaccard 1.00); 3 shared rare constants; struct_sim=0.93,"void __fastcall(hkVisualDebugger *this, hkMemoryTrack *outgoingMemory, hkMemoryTrack *incommingMemory)"
0x141348390,hkgpConvexHullImpl::decimateVertices,,0x1438FDAC0,high,8.383,8.383,3 shared string literals (jaccard 0.60); 7 shared rare constants; struct_sim=0.92,"char __usercall@<al>(hkgpConvexHullImpl *this@<rcx>, int numVerticesToKeep@<edx>, bool containment@<r8b>, bool useCgo@<r9b>, __int128 _XMM3@<xmm3>, __int128 _XMM6@<xmm6>, __int128 _XMM7@<xmm7>, __int128 _XMM8@<xmm8>, __int128 _XMM9@<xmm9>, __int128 _XMM10@<xmm10>, __int128 _XMM11@<xmm11>, __int128 _XMM12@<xmm12>)"
0x140E7A570,stbi__process_scan_header,,0x143856EE0,high,8.36,8.36,5 shared string literals (jaccard 1.00); struct_sim=0.91,__int64 __fastcall(stbi__jpeg *z)
0x140F83D00,hkcdPlanarSolid::classifyPolygons,,0x1439C8E60,high,8.342,5.021,3 shared string literals (jaccard 1.00); 6 shared rare constants; struct_sim=0.89,"hkcdPlanarGeometry *__fastcall(hkcdPlanarSolid *this, hkcdPlanarGeometry *polySoup, hkcdPlanarGeometry *rootNodeId, const hkArray<hkHandle<unsigned int,0,hkcdPlanarGeometryPolygonCollection::PolygonIdDiscriminant>,hkContainerHeapAllocator> *origPolygonsIn, hkArray<hkHandle<unsigned int,0,hkcdPlanarGeometryPolygonCollection::PolygonIdDiscriminant>,hkContainerHeapAllocator> *insidePolygonsOut, hkArray<hkHandle<unsigned int,0,hkcdPlanarGeometryPolygonCollection::PolygonIdDiscriminant>,hkContainerHeapAllocator> *boundaryPolygonsOut, hkArray<hkHandle<unsigned int,0,hkcdPlanarGeometryPolygonCollection::PolygonIdDiscriminant>,hkContainerHeapAllocator> *outsidePolygonsOut, hkcdPlanarSolid::ArrayMgr *polyStorage, __int64)"
0x1413FE230,hknpStepConstraintJacobianProcess,,0x143A1C270,high,8.319,8.319,5 shared string literals (jaccard 1.00); struct_sim=0.88,"void __fastcall(hknpSimulationThreadContext *tl, hkBlockStream::Writer *solverTempsWriter, int iStep, int iMicroStep, int threadIdx, hknpJacobianGridType::Enum gridIndex, int gridEntryIndex, char cellA, char cellB, const hknpSolverStepInfo *solverStepInfo, hkMonitorStream *monitorStream)"
0x140E7A150,stbi__process_marker,,0x1438565D0,high,8.304,8.304,5 shared string literals (jaccard 0.56); struct_sim=0.77,"__int64 __fastcall(stbi__jpeg *z, int m)"
0x1410ED4A0,hknpBinaryBodyDebugEvent::printCommand,,0x1430241E0,high,8.3,8.3,"identical 34-instruction sequence, unique in both binaries; 2 shared string literals (jaccard 1.00); 1 shared rare constant; struct_sim=1.00","void __fastcall(hknpBinaryBodyDebugEvent *this, const hknpWorld *world, hkOstream *out)"
0x140B4FCF0,GScr_Main_StructuredDataPrintArgs,,0x14131CE70,high,8.22,5.761,5 shared string literals (jaccard 1.00); struct_sim=0.81,"void __usercall(scrContext_t *scrContext@<rcx>, const char *functionName@<rdx>, __int128 _XMM0@<xmm0>)"
0x141084490,hknpWorldEx::postSolve,,0x142E93E50,high,8.209,5.771,5 shared string literals (jaccard 0.62); 1 shared rare constant; struct_sim=0.79,"void __fastcall(hknpWorldEx *this, hknpSimulationThreadContext *tl)"
0x1412919D0,bdSocketRouter::processPacket,,0x143749450,high,8.065,4.235,5 shared string literals (jaccard 0.62); 1 shared rare constant; struct_sim=0.69,"__int64 __fastcall(bdSocketRouter *this, bdReference<bdAddrHandle> *addrHandle, bdAddr *realAddr, void *data, const unsigned int size, const unsigned int bytesTransferred, bool *receiving)"
0x14141A600,hkMonitorStreamAnalyzer_writeNodeRec,,0x142BA4180,high,7.954,7.954,5 shared string literals (jaccard 0.50); struct_sim=0.57,"void __usercall(hkOstream *outstream@<rcx>, const hkMonitorStreamAnalyzer::Node *node@<rdx>, int recDepth@<r8d>, __int128 *__struct_ptr factor@<xmm3>, __int128 *__struct_ptr _XMM0@<xmm0>, __int128 *__struct_ptr _XMM1@<xmm1>, __int128 *__struct_ptr _XMM2@<xmm2>, __int128 *__struct_ptr _XMM5@<xmm5>, __int128 *__struct_ptr _XMM6@<xmm6>, __int128 *__struct_ptr _XMM7@<xmm7>, __int128 *__struct_ptr _XMM8@<xmm8>, __int128 *__struct_ptr _XMM9@<xmm9>, __int128 *__struct_ptr _XMM10@<xmm10>, __int128 *__struct_ptr _XMM11@<xmm11>, __int128 *__struct_ptr _XMM12@<xmm12>, hkArrayView<hkStringPtr> *ignoredNames, const hkMap<unsigned __int64,hkTuple<hkMonitorStreamAnalyzer::Node *,hkMonitorStreamAnalyzer::Node *,void,void,void,void,void,void>,hkMapOperations<unsigned __int64>,hkContainerHeapAllocator> *drawCallMappings, const hkArrayView<hkGpuTraceResult> *traceResults)"
0x140F1D0B0,HavokPhysicsFreeListMemorySystem::getMemoryStatistics,,0x141B8CD20,high,7.949,5.282,4 shared string literals (jaccard 1.00); 2 shared rare constants; struct_sim=0.90,"void __fastcall(HavokPhysicsFreeListMemorySystem *this, hkMemorySystem::MemoryStatistics *stats)"
0x140526F70,OnlineMatchmakerOmniscient::TaskLocalPlayerAddedToDW,,0x140E117E0,high,7.901,5.608,5 shared string literals (jaccard 0.62); struct_sim=0.85,"void __fastcall(OnlineMatchmakerOmniscient *this, GenericTask *task, eTaskManagerTaskState state)"
0x1403C5690,MarketingCommsManager::GetLanguageString,,0x140C2B4D0,high,7.9,4.383,"identical 81-instruction sequence, unique in both binaries; 2 shared string literals (jaccard 1.00); struct_sim=1.00",const char *__fastcall()
0x1411902E0,cff_get_cmap_info,,0x1430C87D0,high,7.9,4.805,"identical 37-instruction sequence, unique in both binaries; 2 shared string literals (jaccard 1.00); struct_sim=1.00","__int64 __fastcall(FT_CharMapRec_ *charmap, TT_CMapInfo_ *cmap_info)"
0x1412908C9,bdSocketRouter::init,,0x143745C60,high,7.87,3.958,5 shared string literals (jaccard 0.56); 1 shared rare constant; struct_sim=0.61,"_BOOL8 __fastcall(bdSocketRouter *this, bdSocket *socket, const bdReference<bdCommonAddr> localCommonAddr, const bdSocketRouterConfig *config)"
0x141280F94,bdGetHostByName::start,,0x143723050,high,7.854,5.873,5 shared string literals (jaccard 0.56); 1 shared rare constant; struct_sim=0.60,"bool __fastcall(bdGetHostByName *this, const char *hostname, bdGetHostByNameConfig config)"
0x140527320,OnlineMatchmakerOmniscient::TaskShutdownMatchmaking,,0x140E11C40,high,7.849,5.46,5 shared string literals (jaccard 0.50); struct_sim=0.90,"void __fastcall(OnlineMatchmakerOmniscient *this, GenericTask *task, eTaskManagerTaskState state)"
0x14BB2603B,bdUnicastConnection::handleShutdown,,0x143A82490,high,7.832,5.263,5 shared string literals (jaccard 0.62); struct_sim=0.80,"char __fastcall(bdUnicastConnection *this, bdReference<bdChunk> *__formal)"
0x1404755E0,AIScriptedInterface::CalculateSharpTurnExitAnim,,0x140C71AE0,high,7.803,7.803,5 shared string literals (jaccard 0.62); struct_sim=0.79,"bool __usercall@<al>(AIScriptedInterface *this@<rcx>, int *angleIndices@<rdx>, unsigned int angleIndexCount@<r8d>, scr_string_t animsetName@<r9d>, __int128 _XMM0@<xmm0>, __int128 _XMM6@<xmm6>, __int128 _XMM7@<xmm7>, __int128 _XMM8@<xmm8>, __int128 _XMM9@<xmm9>, __int128 _XMM10@<xmm10>, __int128 _XMM11@<xmm11>, scr_string_t stateName, const char *prefix, const char *suffix, scr_anim_t *outAnim, int *outAngleIndex, int *outAnimEntryIndex)"
0x14C2562C6,bdUnicastConnection::handleShutdownAck,,0x143A82620,high,7.742,5.458,5 shared string literals (jaccard 0.71); struct_sim=0.69,"char __fastcall(bdUnicastConnection *this, bdReference<bdChunk> *__formal)"
0x140529040,OnlineMatchmakerOmniscient::WriteFiltersJSON,,0x140E16FC0,high,7.686,5.478,5 shared string literals (jaccard 0.71); struct_sim=0.65,"bool __fastcall(OnlineMatchmakerOmniscient *this, bdJSONSerializer *jsonSerializer)"
0x1404E5500,LUI_LuaCall_LUIElement_SetupOnEntityElementSpawner_impl,,0x1425E7D40,high,7.672,7.672,5 shared string literals (jaccard 0.50); struct_sim=0.78,"__int64 __usercall@<rax>(lua_State *const luaVM@<rcx>, __int128 *__struct_ptr _XMM0@<xmm0>, __int128 *__struct_ptr _XMM6@<xmm6>)"
0x141260112,bdUno::validateFields,,0x14365C4E0,high,7.666,5.318,5 shared string literals (jaccard 0.62); struct_sim=0.69,"char __fastcall(bdUno *this, const char *fields)"
0x1404410A0,NAV_GetModifierFlagsFromString,,0x140D6F700,high,7.65,3.481,3 shared string literals (jaccard 1.00); 4 shared rare constants; struct_sim=0.97,__int64 __fastcall(const char *flagString)
0x140FB9C10,hknpCompoundShape::buildBoundingVolume,,0x142E1AB80,high,7.64,7.64,3 shared string literals (jaccard 0.75); 5 shared rare constants; struct_sim=0.86,"void __usercall(hknpCompoundShape *this@<rcx>, hknpCompoundShapeBoundingVolumeType::Enum bvType@<edx>, __int128 _XMM6@<xmm6>, __int128 _XMM7@<xmm7>, __int128 _XMM8@<xmm8>, __int128 _XMM9@<xmm9>, __int128 _XMM10@<xmm10>, __int128 _XMM11@<xmm11>)"
0x14011D710,CG_ParseAnglesToken,,0x141BE6180,high,7.637,4.533,caller set agrees: 4/4 mapped callers (jaccard 1.00); 1 shared rare constant; struct_sim=0.60,"__int64 __usercall@<rax>(const char *matchPrefix@<rcx>, const char *token@<rdx>, const char *tokenValue@<r8>, vec3_t *outAngles@<r9>, __int128 *__struct_ptr _XMM0@<xmm0>)"
0x14B4A6924,bdDTLSAssociation::pump,,0x14373F990,high,7.629,5.155,5 shared string literals (jaccard 0.56); struct_sim=0.72,"void __usercall(bdDTLSAssociation *this@<rcx>, __int128 _XMM0@<xmm0>)"
0x14B44E419,bdMatchScheduler::getScheduledMatch,,0x14366C610,high,7.614,5.142,5 shared string literals (jaccard 0.56); struct_sim=0.71,"bdReference<bdRemoteTask> *__fastcall(bdMatchScheduler *this, bdReference<bdRemoteTask> *result, unsigned __int64 matchID, bdScheduledMatchInfo *scheduledMatchInfo)"
0x14BE742D3,bdContentStreaming::_batchDownloadFile,,0x1436194A0,high,7.583,7.583,5 shared string literals (jaccard 0.56); struct_sim=0.69,"bdReference<bdRemoteTask> *__fastcall(bdContentStreaming *this, bdReference<bdRemoteTask> *result, unsigned int index)"
0x14B5A346A,bdMLG::isUserRegistered,,0x143672410,high,7.563,5.105,5 shared string literals (jaccard 0.50); struct_sim=0.71,"bdReference<bdRemoteTask> *__fastcall(bdMLG *this, bdReference<bdRemoteTask> *result, bdBoolResult *const isRegistered)"
0x141084130,hknpWorldEx::preSolve,,0x142E947D0,high,7.505,4.677,4 shared string literals (jaccard 1.00); 1 shared rare constant; struct_sim=0.87,"void __fastcall(hknpWorldEx *this, hknpSimulationThreadContext *tl)"
0x14141AC10,printSingleNodeValues,,0x142BA6DC0,high,7.489,7.489,4 shared string literals (jaccard 1.00); struct_sim=0.73,"void __usercall(hkOstream *outstream@<rcx>, __int128 *__struct_ptr maxMem@<xmm1>, const hkMonitorStreamAnalyzer::Node *node@<r8>, __int128 *__struct_ptr _XMM0@<xmm0>, __int128 *__struct_ptr _XMM4@<xmm4>, __int128 *__struct_ptr _XMM5@<xmm5>, __int128 *__struct_ptr _XMM6@<xmm6>, __int128 *__struct_ptr _XMM7@<xmm7>, __int128 *__struct_ptr _XMM8@<xmm8>)"
0x14BCB874F,bdLoginQueueRecord::deserialize,,0x1436E7590,high,7.463,7.463,5 shared string literals (jaccard 0.50); struct_sim=0.64,"_BOOL8 __fastcall(bdLoginQueueRecord *this, bdJSONDeserializer *responseJSON)"
0x140BFC280,AnimTreeParser_ParseNode,,0x141513AF0,high,7.377,4.269,1 shared string literal; callee set agrees: 4/4 mapped callees (jaccard 1.00); struct_sim=0.71,"char __usercall@<al>(scrContext_t *scrContext@<rcx>, AnimTreeParser_State *parser@<rdx>, unsigned int parentNode@<r8d>, scr_string_t nodeName@<r9d>, __int128 *@<xmm0>, unsigned int inheritedFlags, XAnimSyncGroupID inheritedSyncGroup, const char *baseAssetName, unsigned int inheritedLOD)"
0x141083EF0,hknpWorldEx::postCollide,,0x142E93C70,high,7.376,4.362,4 shared string literals (jaccard 1.00); 1 shared rare constant; struct_sim=0.78,"void __fastcall(hknpWorldEx *this, hknpSimulationThreadContext *tl)"
0x140B59E40,GScr_MainMP_SpawnFXForClient,,0x1413285E0,high,7.359,3.334,4 shared string literals (jaccard 0.57); 2 shared rare constants; struct_sim=0.79,"void __usercall(scrContext_t *scrContext@<rcx>, __int128 _XMM6@<xmm6>, __int128 _XMM7@<xmm7>, __int128 _XMM9@<xmm9>)"
0x141191500,cf2_decoder_parse_charstrings,,0x1430C9E40,high,7.334,7.334,callee set agrees: 5/5 mapped callees (jaccard 1.00); struct_sim=0.96,"__int64 __fastcall(CFF_Decoder_ *decoder, char *charstring_base, unsigned int charstring_len)"
0x141196EB0,cff_parse_fixed_dynamic,,0x1430D0DE0,high,7.3,7.3,"identical 54-instruction sequence, unique in both binaries; 1 mapped callee(s) in common; 1 shared matched global; struct_sim=1.00","int __fastcall(char **d, int *scaling)"
0x14141AD20,printStatisticsByType,,0x142BA70D0,high,7.296,4.65,3 shared string literals (jaccard 1.00); 2 shared rare constants; struct_sim=0.86,"void __usercall(hkOstream *outstream@<rcx>, hkMonitorStreamAnalyzer::Node *rootNode@<rdx>, __int128 *__struct_ptr maxImportance@<xmm2>, __int128 *@<xmm0>, __int128 *__struct_ptr _XMM1@<xmm1>, __int128 *__struct_ptr _XMM6@<xmm6>, __int128 *__struct_ptr _XMM7@<xmm7>, __int128 *@<xmm8>)"
0x140E83C00,inflate_fast,,0x1437D12E0,high,7.292,7.292,3 shared string literals (jaccard 1.00); 3 shared rare constants; struct_sim=0.99,"void __fastcall(z_stream_s *strm, unsigned int start)"
0x1409CE6B0,Party_PlayCountdownSound,,0x141144270,high,7.281,7.281,4 shared string literals (jaccard 1.00); struct_sim=0.99,void __fastcall(const int countdownTimer)
0x140AC9000,Path_AStarAlgorithm_CustomSearchInfo_FindPath_,,0x1411BE3A0,high,7.264,0.989,callee set agrees: 5/5 mapped callees (jaccard 1.00); 2 shared rare constants; struct_sim=0.78,"__int64 __usercall@<rax>(PathFindInput *pathFindInput@<rcx>, team_t eTeam@<edx>, int bIncludeGoalInPath@<r8d>, CustomSearchInfo_FindPath *custom@<r9>, __int128 *__struct_ptr _XMM0@<xmm0>, __int128 *__struct_ptr _XMM3@<xmm3>, __int128 *__struct_ptr _XMM6@<xmm6>, __int128 *__struct_ptr _XMM7@<xmm7>, __int128 *__struct_ptr _XMM8@<xmm8>, __int128 *__struct_ptr _XMM9@<xmm9>, __int128 *@<xmm10>, __int128 *@<xmm11>, __int128 *@<xmm12>, __int128 *@<xmm13>, __int128 *@<xmm14>, __int128 *@<xmm15>)"
0x140B5A6C0,GScr_MainMP_PlayLoopedFX,,0x141328E30,high,7.254,1.366,4 shared string literals (jaccard 0.67); 1 shared matched global; struct_sim=0.86,"void __usercall(scrContext_t *scrContext@<rcx>, __int128 _XMM0@<xmm0>, __int128 _XMM2@<xmm2>, __int128 _XMM6@<xmm6>, __int128 _XMM7@<xmm7>, __int128 _XMM8@<xmm8>)"
0x1411A52B0,afm_parse_kern_pairs,,0x1430E2970,high,7.24,7.24,callee set agrees: 4/4 mapped callees (jaccard 1.00); 2 shared rare constants; struct_sim=0.96,__int64 __fastcall(AFM_ParserRec_ *parser)
0x1413AAEB0,hkVisualDebugger::shutdown,,0x142C2A5A0,high,7.231,4.546,4 shared string literals (jaccard 0.80); 1 shared rare constant; struct_sim=0.82,"void __usercall(hkVisualDebugger *this@<rcx>, __int64@<rdx>, __int128 _XMM2@<xmm2>)"
0x140615FB0,LUI_CoD_QueueInputEvent,,0x1424515D0,high,7.211,4.284,4 shared string literals (jaccard 0.80); 1 shared rare constant; struct_sim=0.81,"bool __fastcall(int controllerIndex, const char *buttonName, bool down, const char *qualifier, bool resetInputs)"
0x140345EA0,LiveStorage_StatAliensPrestigeReset,,0x141A39EE0,high,7.194,4.707,4 shared string literals (jaccard 0.57); 1 shared rare constant; struct_sim=0.95,"void __fastcall(int controllerIndex, int rank)"
0x1406104A0,LUI_Obituary_WeaponAndMOD,,0x142441F10,high,7.175,0.794,4 shared string literals (jaccard 0.67); 1 shared rare constant; struct_sim=0.87,"void __fastcall(int controllerIndex, int attacker, int victim, const GfxImage *weaponHandle, const GfxImage *MODHandle, bool flip, int ratio, lua_State *luaVM)"
0x1410D1BE0,_anonymous_namespace_::hknpMultithreadedSimulationEx::finalizeSolving,,0x142F839E0,high,7.175,4.294,4 shared string literals (jaccard 0.57); 2 shared rare constants; struct_sim=0.67,"void __fastcall(hknpSimulationContext *simulationContext, hknpSimulationThreadContext *threadContext, hknpSimulationThreadContext *)"
0x1412923C0,bdSocketRouter::pump,,0x14374A160,high,7.127,4.123,4 shared string literals (jaccard 0.57); 1 shared rare constant; struct_sim=0.90,void __fastcall(bdSocketRouter *this)
0x1411C3970,lj_cf_coroutine_status,,0x14381FD40,high,7.098,4.747,4 shared string literals (jaccard 1.00); struct_sim=0.87,__int64 __fastcall(lua_State *L)
0x140E26880,R_InitCachedShadowBuffers,,0x142326700,high,7.095,7.095,4 shared string literals (jaccard 1.00); struct_sim=0.86,void(void)
0x140CD0B90,GetUnboundDirectiveString,,0x14278A400,high,7.082,7.082,4 shared string literals (jaccard 1.00); struct_sim=0.85,"char __fastcall(LocalClientNum_t localClientNum, const char *directive, char *result)"
0x1405EBAE0,Nav_InitializeObjLists,,0x140FBC040,high,7.055,5.123,4 shared string literals (jaccard 0.57); 1 shared rare constant; struct_sim=0.86,scr_string_t()
0x1411C55D0,lj_cf_os_time,,0x143826F20,high,7.046,7.046,4 shared string literals (jaccard 0.67); 1 shared rare constant; struct_sim=0.79,"__int64 __usercall@<rax>(lua_State *L@<rcx>, __int128 _XMM1@<xmm1>)"
0x141173090,FT_GlyphLoader_CheckPoints,,0x1430A32E0,high,7.0,2.161,"identical 119-instruction sequence, unique in both binaries; 1 mapped callee(s) in common; 2 shared rare constants; struct_sim=1.00","__int64 __fastcall(FT_GlyphLoaderRec_ *loader, unsigned int n_points, unsigned int n_contours)"
0x140EEB1A0,bfx::Planner3D::Draw,,0x142AA8E60,high,6.946,6.946,4 shared string literals (jaccard 0.80); struct_sim=0.90,"void __fastcall(bfx::Planner3D *this, const bfx::DrawCullData *__formal)"
0x1404E5990,LUIOnEntityElementSpawner::Layout,,0x1425E81E0,high,6.944,3.841,callee set agrees: 3/3 mapped callees (jaccard 1.00); struct_sim=0.63,"void __usercall(LUIOnEntityElementSpawner *this@<rcx>, const LocalClientNum_t localClientNum@<edx>, __int128 _XMM1@<xmm1>, __int128 _XMM6@<xmm6>, __int128 _XMM7@<xmm7>, __int128 _XMM8@<xmm8>, __int128 _XMM9@<xmm9>, __int128 _XMM10@<xmm10>, __int128 _XMM11@<xmm11>, __int128 _XMM12@<xmm12>, __int128 _XMM13@<xmm13>, __int128 _XMM14@<xmm14>, __int128 _XMM15@<xmm15>)"
0x1411897C0,tt_size_run_prep,,0x1430C0280,high,6.871,4.594,callee set agrees: 4/4 mapped callees (jaccard 1.00); 1 shared rare constant; struct_sim=0.98,"__int64 __fastcall(TT_SizeRec_ *size, char pedantic)"
0x1411772D0,destroy_face,,0x1430A96C0,high,6.867,6.867,"identical 61-instruction sequence, unique in both binaries; 1 mapped callee(s) in common; caller set overlaps: 2/2 mapped callers (jaccard 1.00); struct_sim=1.00","void __fastcall(FT_MemoryRec_ *memory, FT_FaceRec_ *face, FT_DriverRec_ *driver)"
0x141253576,bdLobbyService::handleRewardEventMessage,,0x14360BAA0,high,6.776,6.776,4 shared string literals (jaccard 0.67); 1 shared rare constant; struct_sim=0.61,"__int64 __fastcall(bdLobbyService *this, bdReference<bdByteBuffer> message)"
0x14140CD0A,bdDataChunk::deserialize,,0x143A87DC0,high,6.772,4.15,4 shared string literals (jaccard 0.57); 1 shared rare constant; struct_sim=0.67,"bool __fastcall(bdDataChunk *this, const char *const data, const unsigned int size, unsigned int *offset, const char *const unencData, const unsigned int unencSize, unsigned int *unencOffset)"
0x14128920E,bdQoSProbe::handleReply,,0x143735300,high,6.747,3.933,4 shared string literals (jaccard 0.50); 1 shared rare constant; struct_sim=0.70,"char __usercall@<al>(bdQoSProbe *this@<rcx>, bdQoSReplyPacket *packet@<rdx>, bdAddr *addr@<r8>, unsigned int packetSize@<r9d>, __int128 _XMM0@<xmm0>)"
0x140F48440,hkcdSimdTree::runDiagnostics,,0x142DCCBD0,high,6.736,6.736,3 shared string literals (jaccard 0.60); 3 shared rare constants; struct_sim=0.89,void __usercall(__int128 _XMM6@<xmm6>)
0x140526E60,OnlineMatchmakerOmniscient::TaskLobbyDisbanded,,0x140E115E0,high,6.695,4.522,4 shared string literals (jaccard 0.57); struct_sim=0.88,"void __fastcall(OnlineMatchmakerOmniscient *this, GenericTask *task, eTaskManagerTaskState state)"
0x140FB46E0,hkMeshVertexBufferUtil::convert,,0x142DFF950,high,6.63,4.745,3 shared string literals (jaccard 1.00); 2 shared rare constants; struct_sim=0.82,"void __usercall(const hkMeshVertexBuffer::LockedVertices::Buffer *srcBuffer@<rcx>, const hkMeshVertexBuffer::LockedVertices::Buffer *dstBuffer@<rdx>, int numVertices@<r8d>, __int128 *@<xmm2>, __int128 *@<xmm3>, __int128 *@<xmm5>, __int128 *@<xmm6>)"
0x141173250,FT_GlyphLoader_CheckSubGlyphs,,0x1430A3510,high,6.6,4.79,"identical 37-instruction sequence, unique in both binaries; 1 mapped callee(s) in common; 1 shared rare constant; struct_sim=1.00","__int64 __fastcall(FT_GlyphLoaderRec_ *loader, unsigned int n_subs)"
0x141410BD0,bdPlatformStreamSocket::checkSocketException,,0x14372EC20,high,6.6,3.303,"identical 31-instruction sequence, unique in both binaries; 1 mapped callee(s) in common; 1 shared rare constant; struct_sim=1.00",bool __fastcall(const int handle)
0x1400F75C0,LUI_LuaCall_LUIElement_SetupBorder_impl,,0x1425CB120,high,6.583,6.583,4 shared string literals (jaccard 0.67); struct_sim=0.74,"__int64 __usercall@<rax>(lua_State *const luaVM@<rcx>, __int128 *__struct_ptr _XMM0@<xmm0>, __int128 *__struct_ptr _XMM6@<xmm6>, __int128 *__struct_ptr _XMM7@<xmm7>)"
0x140F30020,hkMemoryResourceContainer::parentTo,,0x142B85C00,high,6.536,6.536,3 shared string literals (jaccard 0.60); 3 shared rare constants; struct_sim=0.76,"hkResourceContainer *__fastcall(hkMemoryResourceContainer *this, hkResourceContainer *newParent, hkMemoryResourceContainer *)"
0x14109F740,hknpWorldCinfo::setSolverType,,0x142EDE830,high,6.5,4.06,"identical 40-instruction sequence, unique in both binaries; 5 shared rare constants; struct_sim=1.00","void __fastcall(hknpWorldCinfo *this, hknpWorldCinfo::SolverType st)"
0x1412345E9,bdJSONDeserializer::getFieldByIndex,,0x143573800,high,6.481,3.688,4 shared string literals (jaccard 0.67); struct_sim=0.68,"__int64 __usercall@<rax>(bdJSONDeserializer *this@<rcx>, const unsigned int index@<edx>, char *const key@<r8>, const unsigned int size@<r9d>, __int128 _XMM0@<xmm0>, bdJSONDeserializer *value)"
0x14140AC4C,bdUnicastConnection::sendInitAck,,0x143A84140,high,6.476,4.17,4 shared string literals (jaccard 0.67); struct_sim=0.67,"__int64 __fastcall(bdUnicastConnection *this, bdReference<bdInitChunk> chunk)"
0x1412847A1,bdUPnPDevice::sendCreatePortMappingRequest,,0x14372A3F0,high,6.469,3.947,4 shared string literals (jaccard 0.50); struct_sim=0.78,void __fastcall(bdUPnPDevice *this)
0x1411990E0,cid_face_open,,0x1430D37A0,high,6.468,6.468,callee set agrees: 4/4 mapped callees (jaccard 1.00); struct_sim=0.98,"__int64 __fastcall(CID_FaceRec_ *face, int face_index)"
0x1410F2260,hknpPrepareConstraintsTask::process,,0x143039560,high,6.448,6.448,4 shared string literals (jaccard 0.57); struct_sim=0.72,"void __usercall(hknpPrepareConstraintsTask *this@<rcx>, const hkTask::Input *input@<rdx>, __int128 _XMM2@<xmm2>)"
0x1404872E0,G_MainSP_CheckLoadGame,,0x142040E90,high,6.377,6.377,4 shared string literals (jaccard 0.50); struct_sim=0.72,"void __fastcall(int checksum, SaveGame *save)"
0x14140969D,bdUnicastConnection::handleInitAck,,0x143A81EE0,high,6.349,4.022,4 shared string literals (jaccard 0.57); struct_sim=0.65,"__int64 __fastcall(bdUnicastConnection *this, bdReference<bdChunk> *chunk, const unsigned int vtag)"
0x1410ED810,hknpTriggerEvent::printCommand,,0x1430247F0,high,6.348,6.348,3 shared string literals (jaccard 1.00); 1 shared rare constant; struct_sim=0.90,"void __fastcall(hknpTriggerEvent *this, const hknpWorld *world, hkOstream *out)"
0x1411B9560,_bdf_set_default_spacing,,0x1430FB980,high,6.31,6.31,callee set agrees: 3/3 mapped callees (jaccard 1.00); 2 shared rare constants; struct_sim=0.94,"__int64 __fastcall(bdf_font_t_ *font, bdf_options_t_ *opts, unsigned int lineno)"
0x1411A6690,ps_unicodes_init,,0x1430E41C0,high,6.261,6.261,callee set agrees: 4/4 mapped callees (jaccard 1.00); 1 shared rare constant; struct_sim=0.97,"__int64 __fastcall(FT_MemoryRec_ *memory, PS_UnicodesRec_ *table, unsigned int num_glyphs, const char *(__fastcall *get_glyph_name)(void *, unsigned int), void (__fastcall *free_glyph_name)(void *, const char *), void *glyph_data)"
0x1400B2421,bdSingleIdentityBase::init,,0x1436524B0,high,6.256,3.893,4 shared string literals (jaccard 0.57); struct_sim=0.59,"char __fastcall(bdSingleIdentityBase *this, char *httpRequestBuffer, unsigned int requestBufferSize, char *httpResponseBuffer, unsigned int responseBufferSize, bdEnvironment environment, const char *client, const char *region)"
0x140F03DE0,hkRefCountedProperties::replaceProperty,,0x142B17BE0,high,6.255,6.255,3 shared string literals (jaccard 1.00); 1 shared rare constant; struct_sim=0.84,"void __fastcall(hkRefCountedProperties *this, unsigned __int16 propertyKey, hkReferencedObject *newPropertyObject)"
0x141172220,Destroy_Module,,0x1430A13A0,high,6.2,6.2,"identical 34-instruction sequence, unique in both binaries; 1 mapped callee(s) in common; struct_sim=1.00",void __fastcall(FT_ModuleRec_ *module)
0x140F1D370,HavokPhysicsFreeListMemorySystem::getMemorySnapshot,,0x141B8C980,high,6.194,6.194,3 shared string literals (jaccard 1.00); 1 shared rare constant; struct_sim=0.80,"hkMemorySnapshot *__fastcall(HavokPhysicsFreeListMemorySystem *this, hkMemorySnapshot *snapshot, hkMemorySnapshot *)"
0x14B4C0BD7,bdCSHTTPWrapperImpl::_startUpload,,0x1436DACB0,high,6.163,3.684,4 shared string literals (jaccard 0.50); struct_sim=0.58,"__int64 __fastcall(bdCSHTTPWrapperImpl *this, const char *const uploadURL, const void *const fileData, bdUploadInterceptor *uploadHandler, unsigned int uploadSize, unsigned __int64 transactionID, char *checksum, void *const replyBuffer, unsigned int replyBufferSize, bdCSHTTPWrapper::bdHTTPHeader *extraHeaders, unsigned int numExtraHeaders)"
0x14129E1E0,bdStreamSocket::close,,0x1435924C0,high,6.024,3.579,3 shared string literals (jaccard 0.60); 1 shared rare constant; struct_sim=0.95,_BOOL8 __fastcall(bdStreamSocket *this)
0x1404C8380,LUI_CoD_GatherRequestNames,,0x1425B25D0,high,5.98,1.142,caller set agrees: 8/8 mapped callers (jaccard 1.00); struct_sim=0.79,"__int64 __fastcall(lua_State *luaVM, const char **requestNames, const unsigned int requestNamesCount)"
0x1410ED340,hknpBodyActivationCommand::printCommand,,0x142F7A6B0,high,5.945,3.291,3 shared string literals (jaccard 0.60); 1 shared rare constant; struct_sim=0.90,"void __fastcall(hknpBodyActivationCommand *this, const hknpWorld *world, hkOstream *out)"
0x1405254B0,OnlineMatchmakerOmniscient::RunLobbyDisband,,0x140E0C4F0,high,5.852,3.242,3 shared string literals (jaccard 0.50); 1 shared rare constant; struct_sim=0.90,void __fastcall(OnlineMatchmakerOmniscient *this)
0x1405AA890,importConstraintAtoms,,0x141BAAD60,high,5.843,5.843,3 shared string literals (jaccard 1.00); struct_sim=0.83,"hkpConstraintAtom *__fastcall(const hkReflect::Type *dataClass, hkpConstraintData *data, hkStreamReader *reader)"
0x140492360,G_SaveSP_CommitSavedGame,,0x142077E20,high,5.829,5.829,3 shared string literals (jaccard 1.00); struct_sim=0.82,_BOOL8 __fastcall(int saveId)
0x14109DA30,?0hknpMaterialLibrary,,0x142EE7190,high,5.8,5.8,3 shared string literals (jaccard 1.00); struct_sim=0.80,"void __usercall(hknpMaterialLibrary *this@<rcx>, int initialCapacity@<edx>, __int128 _XMM6@<xmm6>, __int128 _XMM7@<xmm7>)"
0x14002F4A0,DDL_GetEnum,,0x143795F60,high,5.8,3.079,"identical 25-instruction sequence, unique in both binaries; 1 mapped callee(s) in common; struct_sim=1.00","const char *__fastcall(const DDLState *state, const DDLContext *ddlContext)"
0x140031310,DDL_LuaCreateUserData,,0x14261D1F0,high,5.772,2.504,3 shared string literals (jaccard 0.50); 1 shared rare constant; struct_sim=0.85,"void __fastcall(lua_State *luaVM, DDLState *state, DDLContext *ddlContext)"
0x14040A730,G_Spawn_WorldSunSettings,,0x140CE8700,high,5.757,3.354,3 shared string literals (jaccard 0.50); struct_sim=0.70,"void __usercall(__int128 *__struct_ptr _XMM0@<xmm0>, __int128 *__struct_ptr _XMM6@<xmm6>, __int128 *__struct_ptr _XMM7@<xmm7>, __int128 *__struct_ptr _XMM13@<xmm13>)"
0x1403C4CB0,MarketingCommsManager::DoValidityCheck,,0x140C2A8C0,high,5.753,3.187,3 shared string literals (jaccard 0.75); struct_sim=0.94,"char __fastcall(MarketingCommsManager *this, bdJSONDeserializer *contentData)"
0x141245B46,bdAsyncMatchMakingEventHandler::handlePushMessage,,0x1436890E0,high,5.75,3.927,3 shared string literals (jaccard 0.50); 1 shared rare constant; struct_sim=0.83,"void __fastcall(bdAsyncMatchMakingEventHandler *this, bdEventType event, bdReference<bdByteBuffer> message)"
0x14B410EDB,bdStoredPerformanceValue::deserialize,,0x143692A40,high,5.736,1.467,3 shared string literals (jaccard 0.60); 1 shared rare constant; struct_sim=0.76,"__int64 __fastcall(bdStoredPerformanceValue *this, bdReference<bdByteBuffer> buffer)"
0x1400DF440,LUI_LuaCall_LUIElement_SetupWeaponModel_impl,,0x1426097A0,high,5.667,2.686,3 shared string literals (jaccard 0.50); 1 shared rare constant; struct_sim=0.78,"__int64 __usercall@<rax>(lua_State *const luaVM@<rcx>, __int128 *__struct_ptr _XMM0@<xmm0>, __int128 *__struct_ptr _XMM6@<xmm6>)"
0x141260F7C,bdMail::getMailInfo,,0x143661EA0,high,5.652,1.496,3 shared string literals (jaccard 0.60); 1 shared rare constant; struct_sim=0.70,"bdReference<bdRemoteTask> *__fastcall(bdMail *this, bdReference<bdRemoteTask> *result, bdMailInfo *mailInfos, const unsigned int startIndex, const unsigned int numMails, const bool newestFirst, const bdUserAccountID *userID)"
0x14BFACB4F,bdBandwidthTestClient::stop,,0x14366C510,high,5.648,2.975,3 shared string literals (jaccard 0.60); 1 shared rare constant; struct_sim=0.70,void __fastcall(bdBandwidthTestClient *this)
0x141260A1D,bdMail::deleteMail,,0x1436614F0,high,5.629,1.433,3 shared string literals (jaccard 0.60); 1 shared rare constant; struct_sim=0.69,"bdReference<bdRemoteTask> *__fastcall(bdMail *this, bdReference<bdRemoteTask> *result, const unsigned __int64 *mailIDs, const unsigned int numMailIDs, const bdUserAccountID *userID)"
0x14B52ED1E,bdBandwidthTestClient::startDownloadTest,,0x14366C360,high,5.61,2.865,3 shared string literals (jaccard 0.60); struct_sim=0.94,void __fastcall(bdBandwidthTestClient *this)
0x14048D910,PIP_SetEntity,,0x142051E70,high,5.586,2.886,3 shared string literals (jaccard 1.00); struct_sim=0.66,"void __fastcall(scrContext_t *scrContext, PipElement *pipElem, int offset)"
0x1412741B3,bdExtendedAuthInfo::setData,,0x1435E3040,high,5.58,5.58,3 shared string literals (jaccard 0.60); 1 shared rare constant; struct_sim=0.65,"char __fastcall(bdExtendedAuthInfo *this, const char *data)"
0x14B353FC4,bdContentStreamingBase::_preUploadPage,,0x143615410,high,5.571,3.02,3 shared string literals (jaccard 0.60); struct_sim=0.91,"bdReference<bdRemoteTask> *__fastcall(bdContentStreamingBase *this, bdReference<bdRemoteTask> *result, __int16 offset)"
0x141193750,cf2_hintmap_insertHint,,0x1430CC7D0,high,5.568,5.568,callee set agrees: 3/3 mapped callees (jaccard 1.00); struct_sim=0.98,"void __fastcall(CF2_HintMapRec_ *hintmap, CF2_HintRec_ *bottomHintEdge, CF2_HintRec_ *topHintEdge)"
0x1406F3F43,bdStatsInfo::deserialize,,0x1436A17A0,high,5.563,2.728,3 shared string literals (jaccard 0.60); 1 shared rare constant; struct_sim=0.64,"__int64 __fastcall(bdStatsInfo *this, bdReference<bdByteBuffer> buffer)"
0x14124461A,bdAuth::getStatus,,0x143581B10,high,5.543,2.632,3 shared string literals (jaccard 0.60); 1 shared rare constant; struct_sim=0.63,__int64 __fastcall(bdAuth *this)
0x141257056,bdTitleUtilities::verifyString,,0x143621890,high,5.543,2.822,3 shared string literals (jaccard 0.60); 1 shared rare constant; struct_sim=0.63,"bdReference<bdRemoteTask> *__fastcall(bdTitleUtilities *this, bdReference<bdRemoteTask> *result, const char *const str, const unsigned int length, bdVerifyString *verified)"
0x14129CAF0,bdCryptoUtils::decrypt,,0x143594200,high,5.512,3.008,3 shared string literals (jaccard 0.50); struct_sim=0.94,"bool __fastcall(const void *key, const void *initialVector, const void *source, void *dest, const unsigned int size)"
0x14129CBD0,bdCryptoUtils::encrypt,,0x143594510,high,5.512,3.008,3 shared string literals (jaccard 0.50); struct_sim=0.94,"bool __fastcall(const void *key, const void *initialVector, const void *source, void *dest, const unsigned int size)"
0x14B5A0BFC,bdStats::readStatsByLeaderboardIDs,,0x1435DF3F0,high,5.5,3.086,3 shared string literals (jaccard 0.60); struct_sim=0.87,"bdReference<bdRemoteTask> *__fastcall(bdStats *this, bdReference<bdRemoteTask> *result, const unsigned __int64 entityID, const unsigned int *leaderboardIDs, bdStatsInfoEx **statsResults, const unsigned int numLeaderBoards)"
0x1411A1420,pcf_get_metric,,0x1430DDBD0,high,5.5,5.5,"identical 42-instruction sequence, unique in both binaries; 1 shared rare constant; struct_sim=1.00","int __fastcall(FT_StreamRec_ *stream, unsigned int format, PCF_MetricRec_ *metric)"
0x140768640,CG_ParseVec3x2Finish,,0x141BFED40,high,5.492,5.492,1 shared string literal; caller set agrees: 4/4 mapped callers (jaccard 1.00); struct_sim=0.93,"const char *__fastcall(const char *line, vec3_t *origin, vec3_t *angles)"
0x140768580,CG_ParseVec3Finish,,0x141BFEC20,high,5.485,1.768,1 shared string literal; caller set agrees: 4/4 mapped callers (jaccard 1.00); struct_sim=0.92,"const char *__fastcall(const char *line, vec3_t *origin)"
0x141273DB0,bdAuthHTTPUtility::mapBdHTTPInternalErrorCode,,0x1435806C0,high,5.454,3.247,3 shared string literals (jaccard 0.75); struct_sim=0.74,"__int64 __fastcall(const bdLobbyErrorCode defaultError, const unsigned int internalErrorCode)"
0x14117E980,af_loader_load_glyph,,0x1430B2D70,high,5.394,5.394,callee set agrees: 3/3 mapped callees (jaccard 1.00); 1 shared rare constant; struct_sim=1.00,"int __usercall@<eax>(AF_ModuleRec_ *module@<rcx>, FT_FaceRec_ *face@<rdx>, unsigned int gindex@<r8d>, int load_flags@<r9d>, __int128 *@<xmm2>)"
0x1413FDC20,hknpHybridBroadphaseFinishQueryTask::process,,0x143018EC0,high,5.391,2.703,3 shared string literals (jaccard 0.60); struct_sim=0.79,"void __fastcall(hknpHybridBroadphaseFinishQueryTask *this, const hkTask::Input *input)"
0x1406A9D60,LUI_TextEdit_Finish,,0x1426047F0,high,5.39,2.682,3 shared string literals (jaccard 0.60); struct_sim=0.79,"void __fastcall(LocalClientNum_t localClientNum, LUIElement *element, LUITextEditField *editPtr, bool cancelled, bool active, bool switchTextEditField, lua_State *luaVM)"
0x1404AEE87,bdBufferParams::serializedOk,,0x1435E4A20,high,5.389,2.939,3 shared string literals (jaccard 0.60); struct_sim=0.79,bool __fastcall(bdBufferParams *this)
0x14140AB01,bdUnicastConnection::sendInit,,0x143A83F00,high,5.383,2.707,3 shared string literals (jaccard 0.50); 1 shared rare constant; struct_sim=0.59,bool __fastcall(bdUnicastConnection *this)
0x14B379724,bdStructBufferDeserializer::readUByte8,,0x1436ABB00,high,5.356,2.848,3 shared string literals (jaccard 0.60); struct_sim=0.77,"bool __fastcall(bdStructBufferDeserializer *this, const unsigned int tag, char *value)"
0x141286010,bdSecurityKeyMap::contains,,0x143750B90,high,5.348,2.895,3 shared string literals (jaccard 0.50); struct_sim=0.83,"_BOOL8 __fastcall(bdSecurityKeyMap *this, const bdSecurityID *id)"
0x1411756A0,FT_Request_Metrics,,0x1430A6E40,high,5.3,3.409,"identical 168-instruction sequence, unique in both binaries; 2 shared rare constants; struct_sim=1.00","void __fastcall(FT_FaceRec_ *face, FT_Size_RequestRec_ *req)"
0x140F06BA0,hkLargeBlockAllocator::blockFree,,0x142B29400,high,5.3,5.3,"identical 62-instruction sequence, unique in both binaries; 2 shared rare constants; struct_sim=1.00","void __fastcall(hkLargeBlockAllocator *this, void *mem, int numBytes)"
0x141189950,tt_synth_sfnt_checksum,,0x1430C0450,high,5.3,5.3,"identical 50-instruction sequence, unique in both binaries; 2 shared rare constants; struct_sim=1.00","__int64 __fastcall(FT_StreamRec_ *stream, unsigned int length)"
0x141404CDD,bdUno::handleLookupComplete,,0x14365A420,high,5.296,2.952,3 shared string literals (jaccard 0.60); struct_sim=0.73,void __fastcall(bdUno *this)
0x14B6339A2,bdPerformanceValue::deserialize,,0x143692930,high,5.283,2.841,3 shared string literals (jaccard 0.60); struct_sim=0.72,"__int64 __fastcall(bdPerformanceValue *this, bdReference<bdByteBuffer> buffer)"
0x14B538C51,bdByteBuffer::allocateBuffer,,0x14358DE60,high,5.277,2.717,3 shared string literals (jaccard 0.50); struct_sim=0.78,void __fastcall(bdByteBuffer *this)
0x140B31A00,G_SaveMP_LoadGame,,0x1412D7450,high,5.273,2.992,callee set agrees: 4/5 mapped callees (jaccard 0.80); struct_sim=0.69,"void __usercall(const SvServerInitSettings *initSettings@<rcx>, SaveGame *save@<r8>, const bool scriptRunning@<r9b>, __int128 *@<xmm6>, __int128 *@<xmm7>, __int128 *@<xmm8>, __int128 *@<xmm9>, const bool demoSave)"
0x1413D6E4C,bdTaskByteBuffer::allocateBuffer,,0x143A70C10,high,5.271,3.349,3 shared string literals (jaccard 0.60); struct_sim=0.71,void __fastcall(bdTaskByteBuffer *this)
0x141413260,_anonymous_namespace_::writeStackTrace,,0x142B248B0,high,5.262,5.262,3 shared string literals (jaccard 0.60); struct_sim=0.71,"void __fastcall(const char *text, void *context)"
0x1410F2480,hknpBuildConstraintJacobiansTask::process,,0x1430392A0,high,5.261,2.982,3 shared string literals (jaccard 0.50); struct_sim=0.77,"void __usercall(hknpBuildConstraintJacobiansTask *this@<rcx>, const hkTask::Input *input@<rdx>, __int128 _XMM2@<xmm2>)"
0x14B553A1B,bdUPnPDevice::pumpReceive,,0x143729FC0,high,5.247,2.714,3 shared string literals (jaccard 0.50); struct_sim=0.76,"char __usercall@<al>(bdUPnPDevice *this@<rcx>, __int128 _XMM0@<xmm0>)"
0x140DCC140,R_AddAllStaticModelSurfacesSpotShadow_Split,,0x1421FF860,high,5.243,0.964,callee set agrees: 3/3 mapped callees (jaccard 1.00); 2 shared rare constants; struct_sim=0.63,"void __usercall(GfxViewInfo *viewInfo@<rcx>, unsigned int spotShadowUpdateIndex@<edx>, unsigned int primaryLightIndex@<r8d>, __int128 _XMM0@<xmm0>, __int128 *@<xmm6>, __int128 *@<xmm7>, __int128 *@<xmm8>, __int128 *@<xmm9>, __int128 *@<xmm10>, __int128 *@<xmm11>, __int128 *@<xmm12>, __int128 *@<xmm13>, __int128 *@<xmm14>, __int128 *@<xmm15>)"
0x140E82830,fill_window,,0x1437C8240,high,5.216,3.393,1 mapped callee(s) in common; caller set agrees: 3/3 mapped callers (jaccard 1.00); 1 shared rare constant; struct_sim=0.88,void __fastcall(internal_state *s)
0x1412899A8,bdQoSProbe::listen,,0x143735D60,high,5.209,2.796,3 shared string literals (jaccard 0.60); struct_sim=0.67,"char __fastcall(bdQoSProbe *this, const bdSecurityID *secid, char *data, unsigned int dataSize)"
0x141260CAD,bdMail::getMail,,0x143661830,high,5.208,5.208,3 shared string literals (jaccard 0.60); struct_sim=0.67,"bdReference<bdRemoteTask> *__fastcall(bdMail *this, bdReference<bdRemoteTask> *result, const unsigned __int64 *mailIDs, const unsigned int numMailIDs, bdMailBody *mails, const bool deleteOnRead, const bdUserAccountID *userID)"
0x141234485,bdJSONDeserializer::getElementByIndex,,0x143573540,high,5.201,2.832,3 shared string literals (jaccard 0.50); struct_sim=0.73,"__int64 __usercall@<rax>(bdJSONDeserializer *this@<rcx>, unsigned int index@<edx>, bdJSONDeserializer *value@<r8>, __int128 _XMM0@<xmm0>)"
0x141233862,bdGameMetrics::prepare,,0x143560460,high,5.187,5.187,3 shared string literals (jaccard 0.50); struct_sim=0.72,bool __fastcall(bdGameMetrics *this)
0x14127BE77,bdLiveStreamingInterceptor::handleDownload,,0x1436DA610,high,5.159,2.964,3 shared string literals (jaccard 0.50); struct_sim=0.71,"__int64 __fastcall(bdLiveStreamingInterceptor *this, void *data, unsigned int dataSize)"
0x14125DB8C,bdSingleIdentityBase::parseErrorJSON,,0x143652750,high,5.154,2.975,3 shared string literals (jaccard 0.60); struct_sim=0.64,void __fastcall(bdSingleIdentityBase *this)
0x1407E41A0,DrawViewableWaypoint,,0x141CCF3E0,high,5.127,5.127,callee set agrees: 3/4 mapped callees (jaccard 0.75); struct_sim=0.82,"void __usercall(LocalClientNum_t localClientNum@<ecx>, const hudelem_t *elem@<rdx>, __int128 *@<xmm0>, __int128 *@<xmm6>, __int128 *@<xmm7>, __int128 *@<xmm8>, __int128 *@<xmm9>)"
0x1411773C0,destroy_size,,0x1430A97F0,high,5.1,5.1,"identical 29-instruction sequence, unique in both binaries; struct_sim=1.00","void __fastcall(FT_MemoryRec_ *memory, FT_SizeRec_ *size, FT_DriverRec_ *driver)"
0x14117BC50,af_glyph_hints_done,,0x1430AF4D0,high,5.1,5.1,"identical 46-instruction sequence, unique in both binaries; struct_sim=1.00",void __fastcall(AF_GlyphHintsRec_ *hints)
0x1411801E0,Compute_Round,,0x1430B4BA0,high,5.1,5.1,"identical 31-instruction sequence, unique in both binaries; struct_sim=1.00","void __fastcall(TT_ExecContextRec_ *exc, char round_mode)"
0x1405816C3,bdTeamInfo::deserialize,,0x1435CF580,high,5.079,2.77,3 shared string literals (jaccard 0.60); struct_sim=0.59,"__int64 __fastcall(bdTeamInfo *this, bdReference<bdByteBuffer> buffer)"
0x1400B2023,bdStatsInfo::serialize,,0x1436A1A10,high,5.071,5.071,3 shared string literals (jaccard 0.60); struct_sim=0.58,"char __fastcall(bdStatsInfo *this, bdByteBuffer *buffer)"
0x14123CBD4,bdByteBuffer::readBlob,,0x14358E920,high,5.067,2.662,3 shared string literals (jaccard 0.50); struct_sim=0.64,"bool __fastcall(bdByteBuffer *this, char *const blob, unsigned int *length)"
0x1412187E5,bdUnicastConnection::sendCookieAck,,0x143A83710,high,5.055,2.704,3 shared string literals (jaccard 0.60); struct_sim=0.57,char __fastcall(bdUnicastConnection *this)
0x140EE0073,bdCSHTTPWrapperImpl::startPost,,0x1436DB500,high,5.027,2.608,3 shared string literals (jaccard 0.50); struct_sim=0.62,"__int64 __fastcall(bdCSHTTPWrapperImpl *this, const char *const postURL, const void *content, int contentLength, void *replyBuffer, unsigned int replyBufferLength, bdDownloadInterceptor *downloadHandler, const char *contentType, unsigned __int64 transactionID, bdCSHTTPWrapper::bdHTTPHeader *extraHeaders, unsigned int numExtraHeaders)"
0x140EF5D90,bfx::ApplyLimits_NavigatorTune,,0x142ACA3F0,high,5.013,5.013,3 shared string literals (jaccard 0.50); struct_sim=0.61,"void __usercall(bfx::NavigatorTune *tune@<rcx>, __int128 _XMM6@<xmm6>, __int128 _XMM7@<xmm7>)"
0x1412453E2,bdAuth::validateResponseSignature,,0x1435830D0,high,5.004,2.732,3 shared string literals (jaccard 0.50); struct_sim=0.60,__int64 __fastcall(bdAuth *this)
0x140349750,CL_UIStreaming_GetActiveController,,0x141A4E800,high,5.0,5.0,"identical 29-instruction sequence, unique in both binaries; 1 shared matched global; struct_sim=1.00",int __fastcall(const LocalClientNum_t localClientNum)
0x1411802A0,Current_Ppem,,0x1430B4C90,high,5.0,2.042,1 mapped callee(s) in common; caller set agrees: 3/3 mapped callers (jaccard 1.00); struct_sim=1.00,int __fastcall(TT_ExecContextRec_ *exc)
0x1407512C8,bdSingleIdentityBase::readyForRequest,,0x143652E20,high,4.998,2.773,3 shared string literals (jaccard 0.50); struct_sim=0.60,bool __fastcall(bdSingleIdentityBase *this)
0x141189180,tt_size_init_bytecode,,0x1430BFAE0,high,4.985,4.985,callee set agrees: 3/3 mapped callees (jaccard 1.00); struct_sim=0.99,"__int64 __fastcall(FT_SizeRec_ *ftsize, char pedantic)"
0x1401194B0,CG_CinematicCameraParseComError,,0x141BE3B90,high,4.961,1.797,caller set agrees: 6/6 mapped callers (jaccard 1.00); struct_sim=0.91,"void(ComErrorCode uniqueErrorCode, const char *msg, ...)"
0x140A3BE13,bdByteBuffer::readArrayStart,,0x14358E780,high,4.959,2.571,3 shared string literals (jaccard 0.50); struct_sim=0.57,"bool __fastcall(bdByteBuffer *this, char expectedType, unsigned int *numElements)"
0x140E78BE0,stbi__get16be,,0x1438501F0,high,4.906,4.906,1 mapped callee(s) in common; caller set agrees: 3/3 mapped callers (jaccard 1.00); struct_sim=0.94,__int64 __fastcall(stbi__context *s)
0x140EAAE40,bfx::Timer::GetMicros,,0x1429FD020,high,4.9,3.353,"identical 27-instruction sequence, unique in both binaries; 1 shared rare constant; struct_sim=1.00",__int64 __fastcall(bfx::Timer *this)
0x141217D60,mp_2expt,,0x1437B73E0,high,4.9,3.449,"identical 37-instruction sequence, unique in both binaries; 1 shared rare constant; struct_sim=1.00","int __fastcall(mp_int *a, int b)"
0x1411794C0,af_cjk_metrics_init,,0x1430AC450,high,4.9,1.336,"identical 35-instruction sequence, unique in both binaries; 1 shared rare constant; struct_sim=1.00","__int64 __fastcall(AF_CJKMetricsRec_ *metrics, FT_FaceRec_ *face)"
0x1403C8230,VbdString::getHash,,0x140C309E0,high,4.9,4.9,"identical 31-instruction sequence, unique in both binaries; 1 shared rare constant; struct_sim=1.00","__int64 __fastcall(bdHashingClass *this, const bdString *key)"
0x140EEBC30,bfx::VolumePathSegment::GetVolume,,0x142AAB6C0,high,4.9,4.9,"identical 32-instruction sequence, unique in both binaries; 1 shared rare constant; struct_sim=1.00","bfx::VolumeHandle *__fastcall(bfx::VolumePathSegment *this, bfx::VolumeHandle *result)"
0x141174F70,FT_Raccess_Get_DataOffsets,,0x1430A6530,high,4.9,4.9,"identical 171-instruction sequence, unique in both binaries; 1 shared rare constant; struct_sim=1.00","int __fastcall(FT_LibraryRec_ *library, FT_StreamRec_ *stream, int map_offset, int rdata_pos, int tag, int **offsets, int *count)"
0x1411759E0,FT_Select_Metrics,,0x1430A7260,high,4.9,1.867,"identical 49-instruction sequence, unique in both binaries; 1 shared rare constant; struct_sim=1.00","void __fastcall(FT_FaceRec_ *face, unsigned int strike_index)"
0x141177E20,ft_mem_qrealloc,,0x1430AA440,high,4.9,4.9,"identical 59-instruction sequence, unique in both binaries; 1 shared rare constant; struct_sim=1.00","void *__fastcall(FT_MemoryRec_ *memory, int item_size, int cur_count, int new_count, void *block, int *p_error)"
0x1411BD910,FT_Bitmap_Convert,,0x143100D40,high,4.9,4.9,"identical 326-instruction sequence, unique in both binaries; 1 shared rare constant; struct_sim=1.00","__int64 __fastcall(FT_LibraryRec_ *library, const FT_Bitmap_ *source, FT_Bitmap_ *target, int alignment)"
0x141217F40,mp_sub,,0x1437B7740,high,4.9,4.9,"identical 35-instruction sequence, unique in both binaries; 1 shared rare constant; struct_sim=1.00","int __fastcall(mp_int *a, mp_int *b, mp_int *c)"
0x141178DD0,raccess_make_file_name,,0x1430AB9C0,high,4.888,2.082,caller set agrees: 5/5 mapped callers (jaccard 1.00); 1 shared rare constant; struct_sim=0.99,"char *__fastcall(FT_MemoryRec_ *memory, const char *original_name, const char *insertion)"
0x1405AD6D0,Com_FastFile_UpdateModules_SyncGameLoad,,0x140F53D50,high,4.618,4.618,callee set agrees: 3/3 mapped callees (jaccard 1.00); struct_sim=0.75,void __fastcall(double)
0x140722140,PM_Weapon_CheckForFireOrChargeButton,,0x1410A6200,high,4.539,1.824,caller set agrees: 4/5 mapped callers (jaccard 0.80); 2 shared rare constants; struct_sim=0.89,"__int64 __fastcall(pmove_t *pm, PlayerHandIndex hand, bool checkForCharging, bool respectQueuedAltFireSwitchRequest, bool *buttonIsPressedNow)"
0x140CE15D0,_dynamic_initializer_for__s_botSupportedCmdNotifies__,,0x140147980,high,4.5,4.5,"identical 33-instruction sequence, unique in both binaries; struct_sim=1.00",const char *()
0x14006EC80,?0WorldUpReferenceFrame,,0x1403916A0,high,4.5,4.5,"identical 34-instruction sequence, unique in both binaries; struct_sim=1.00","void __fastcall(WorldUpReferenceFrame *this, const playerState_s *ps, const BgHandler *handler, int initFlags)"
0x14006ED60,WorldUpReferenceFrame::ApplyReferenceFrameToAngles,,0x1403917C0,high,4.5,4.5,"identical 32-instruction sequence, unique in both binaries; struct_sim=1.00","void __fastcall(WorldUpReferenceFrame *this, vec3_t *angles)"
0x1403C6720,MarketingCommsManager::RedeemAllCodesForMessage,,0x140C2D5A0,high,4.5,4.5,"identical 39-instruction sequence, unique in both binaries; struct_sim=1.00","bool __fastcall(MarketingCommsManager *this, int controllerIndex, int locationID, unsigned int messageIndex)"
0x140747530,BG_IsBeamWeapon,,0x141105350,high,4.5,4.5,"identical 25-instruction sequence, unique in both binaries; struct_sim=1.00","bool __fastcall(const Weapon *r_weapon, const bool isAlternate)"
0x1409C9CF0,Party_CountTeamMembers,,0x141136ED0,high,4.5,3.24,"identical 71-instruction sequence, unique in both binaries; struct_sim=1.00","__int64 __fastcall(const PartyData *party, int team, PartyMemberTypes partyMembersOfType)"
0x140B7E270,DCache_GetFileSize,,0x141398C40,high,4.5,4.5,"identical 38-instruction sequence, unique in both binaries; struct_sim=1.00","int __fastcall(dcacheType_t cacheType, unsigned __int64 fileID, dcacheLocation_t location)"
0x140CA8000,SND_GetContextFromIndex,,0x1416F0560,high,4.5,4.5,"identical 53-instruction sequence, unique in both binaries; struct_sim=1.00","char __fastcall(int contextIndex, unsigned int *outType, unsigned int *outValue)"
0x140344B70,CL_PlayerData_GetInt,,0x141A373E0,high,4.5,4.5,"identical 30-instruction sequence, unique in both binaries; struct_sim=1.00","int __fastcall(const int controllerIndex, const unsigned int *navHashes, int navHashCount, const StatsGroup statsGroup)"
0x140344BE0,CL_PlayerData_GetIntByName,,0x141A37460,high,4.5,4.5,"identical 30-instruction sequence, unique in both binaries; struct_sim=1.00","int __fastcall(const int controllerIndex, unsigned int hash, const StatsGroup statsGroup)"
0x1408404E0,CG_Rumble_SetReceiver,,0x141D463E0,high,4.5,4.5,"identical 29-instruction sequence, unique in both binaries; struct_sim=1.00","void __fastcall(LocalClientNum_t localClientNum, int entityNum, const vec3_t *position, const vec4_t *orientation)"
0x1409812C0,CgWeaponSystem::TryCG_Glass_BreakGlass,,0x141E1DCA0,high,4.5,4.5,"identical 51-instruction sequence, unique in both binaries; struct_sim=1.00","void __fastcall(CgWeaponSystem *this, bool needsDeferring, LocalClientNum_t localClientNum, const vec3_t *cameraPosition, unsigned __int16 glassPieceIndex, const vec3_t *hitPosition, const vec3_t *hitDirection)"
0x140CB9430,SND_QueueInit,,0x142763EF0,high,4.5,4.5,"identical 26-instruction sequence, unique in both binaries; struct_sim=1.00","void __fastcall(SndQueue *queue, SndQueueBuffers *buffers)"
0x140CC6270,UI_GetMapDisplayName,,0x142784E00,high,4.5,4.5,"identical 31-instruction sequence, unique in both binaries; struct_sim=1.00",const char *__fastcall(const char *pszMap)
0x140D24EB0,ParticleState::KillPhysicsParticles,,0x142803190,high,4.5,4.5,"identical 29-instruction sequence, unique in both binaries; struct_sim=1.00","void __fastcall(ParticleState *this, ParticleData *pParticleData, const unsigned int particleOffset, const unsigned int particleCount, const ParticleEmitter *pEmitterOwner, bool killAll)"
0x140F0B550,hkJobQueue::addJob,,0x142B4A110,high,4.5,4.5,"identical 25-instruction sequence, unique in both binaries; struct_sim=1.00","void __fastcall(hkJobQueue *this, hkJobQueue::JobQueueEntry *job, hkJobQueue::JobPriority priority)"
0x140F1B0C0,?0hkFreeListAllocator,,0x142B58310,high,4.5,4.5,"identical 40-instruction sequence, unique in both binaries; struct_sim=1.00","void __fastcall(hkFreeListAllocator *this, hkMemoryAllocator *server, hkMemoryAllocator::ExtendedInterface *allocatorExtended, const hkFreeListAllocator::Cinfo *info)"
0x140F226B0,hkStdioStreamReader::seek,,0x142C1B540,high,4.5,4.5,"identical 25-instruction sequence, unique in both binaries; struct_sim=1.00","_DWORD *__fastcall(hkStdioStreamReader *this, _DWORD *offset, hkSeekableStreamReader::SeekWhence whence, int)"
0x140FAB830,hkMultipleVertexBuffer::lock,,0x142DFD370,high,4.5,4.5,"identical 49-instruction sequence, unique in both binaries; struct_sim=1.00","hkMeshVertexBuffer::LockResult __fastcall(hkMultipleVertexBuffer *this, const hkMeshVertexBuffer::LockInput *inputIn, hkMeshVertexBuffer::LockedVertices *lockedVerticesOut)"
0x141172690,FT_Done_Face,,0x1430A1C40,high,4.5,2.665,"identical 52-instruction sequence, unique in both binaries; struct_sim=1.00",__int64 __fastcall(FT_FaceRec_ *face)
0x141172970,FT_Done_Size,,0x1430A1FE0,high,4.5,4.5,"identical 70-instruction sequence, unique in both binaries; struct_sim=1.00",__int64 __fastcall(FT_SizeRec_ *size)
0x1411734B0,FT_GlyphLoader_Reset,,0x1430A3810,high,4.5,4.5,"identical 36-instruction sequence, unique in both binaries; struct_sim=1.00",void __fastcall(FT_GlyphLoaderRec_ *loader)
0x1411735D0,FT_List_Finalize,,0x1430A39A0,high,4.5,4.5,"identical 43-instruction sequence, unique in both binaries; struct_sim=1.00","void __fastcall(FT_ListRec_ *list, void (__fastcall *destroy)(FT_MemoryRec_ *, void *, void *), FT_MemoryRec_ *memory, void *user)"
0x141173CE0,FT_Matrix_Multiply_Scaled,,0x1430A4550,high,4.5,4.5,"identical 87-instruction sequence, unique in both binaries; struct_sim=1.00","void __fastcall(const FT_Matrix_ *a, FT_Matrix_ *b, int scaling)"
0x141174230,FT_New_Size,,0x1430A4AB0,high,4.5,3.279,"identical 87-instruction sequence, unique in both binaries; struct_sim=1.00","__int64 __fastcall(FT_FaceRec_ *face, FT_SizeRec_ **asize)"
0x141174C10,FT_Outline_Get_Orientation,,0x1430A5DC0,high,4.5,4.5,"identical 139-instruction sequence, unique in both binaries; struct_sim=1.00",__int64 __fastcall(FT_Outline_ *outline)
0x141174ED0,FT_Outline_Transform,,0x1430A6430,high,4.5,1.486,"identical 26-instruction sequence, unique in both binaries; struct_sim=1.00","void __fastcall(const FT_Outline_ *outline, const FT_Matrix_ *matrix)"
0x141175410,FT_Raccess_Guess,,0x1430A6AF0,high,4.5,4.5,"identical 59-instruction sequence, unique in both binaries; struct_sim=1.00","void __fastcall(FT_LibraryRec_ *library, FT_StreamRec_ *stream, char *base_name, char **new_names, int *offsets, int *errors)"
0x1411758C0,FT_Request_Size,,0x1430A70F0,high,4.5,4.5,"identical 52-instruction sequence, unique in both binaries; struct_sim=1.00","int __fastcall(FT_FaceRec_ *face, FT_Size_RequestRec_ *req)"
0x141175AA0,FT_Select_Size,,0x1430A7350,high,4.5,4.5,"identical 29-instruction sequence, unique in both binaries; struct_sim=1.00","__int64 __fastcall(FT_FaceRec_ *face, int strike_index)"
0x141175FB0,FT_Stream_New,,0x1430A7CC0,high,4.5,3.241,"identical 78-instruction sequence, unique in both binaries; struct_sim=1.00","__int64 __fastcall(FT_LibraryRec_ *library, const FT_Open_Args_ *args, FT_StreamRec_ **astream)"
0x141176830,FT_Stream_TryRead,,0x1430A8760,high,4.5,3.291,"identical 41-instruction sequence, unique in both binaries; struct_sim=1.00","__int64 __fastcall(FT_StreamRec_ *stream, char *buffer, unsigned int count)"
0x141176940,FT_Vector_Transform,,0x1430A8AB0,high,4.5,0.889,"identical 35-instruction sequence, unique in both binaries; struct_sim=1.00","void __fastcall(FT_Vector_ *vector, const FT_Matrix_ *matrix)"
0x1411769C0,FT_Vector_Transform_Scaled,,0x1430A8B50,high,4.5,4.5,"identical 43-instruction sequence, unique in both binaries; struct_sim=1.00","void __fastcall(FT_Vector_ *vector, const FT_Matrix_ *matrix, int scaling)"
0x141177790,ft_glyphslot_alloc_bitmap,,0x1430A9C40,high,4.5,2.651,"identical 30-instruction sequence, unique in both binaries; struct_sim=1.00","__int64 __fastcall(FT_GlyphSlotRec_ *slot, unsigned int size)"
0x141177D60,ft_mem_dup,,0x1430AA350,high,4.5,4.5,"identical 31-instruction sequence, unique in both binaries; struct_sim=1.00","void *__fastcall(FT_MemoryRec_ *memory, const void *address, unsigned int size, int *p_error)"
0x1411783B0,ft_trig_prenorm,,0x1430AABF0,high,4.5,4.5,"identical 38-instruction sequence, unique in both binaries; struct_sim=1.00",__int64 __fastcall(FT_Vector_ *vec)
0x141178F20,FT_Stream_Open,,0x1430ABCA0,high,4.5,4.5,"identical 58-instruction sequence, unique in both binaries; struct_sim=1.00","__int64 __fastcall(FT_StreamRec_ *stream, const char *filepathname)"
0x141179020,ft_ansi_stream_io,,0x1430ABDE0,high,4.5,4.5,"identical 30-instruction sequence, unique in both binaries; struct_sim=1.00","size_t __fastcall(FT_StreamRec_ *stream, unsigned int offset, char *buffer, unsigned int count)"
0x14119A440,pfr_extra_item_load_font_id,,0x1430D4F50,high,4.5,4.5,"identical 37-instruction sequence, unique in both binaries; struct_sim=1.00","__int64 __fastcall(char *p, char *limit, PFR_PhyFontRec_ *phy_font)"
0x1411BD270,ft_lzwstate_done,,0x143100510,high,4.5,4.5,"identical 25-instruction sequence, unique in both binaries; struct_sim=1.00",void __fastcall(FT_LzwStateRec_ *state)
0x1400586F0,xbox::services::title_storage::?0title_storage_blob_metadata_result,,0x1434162C0,high,4.5,4.5,"identical 30-instruction sequence, unique in both binaries; struct_sim=1.00",void __fastcall(xbox::services::title_storage::title_storage_blob_metadata_result *this)
0x14123F6E0,bdMallocMemory::recordMemory,,0x143599E90,high,4.5,4.5,"identical 39-instruction sequence, unique in both binaries; struct_sim=1.00","bdMallocMemory::bdMemoryChainElement *__fastcall(bdMallocMemory::bdMemoryChainElement *link, const unsigned __int64 size, const bool aligned)"
0x140E789E0,stbi__decode_jpeg_image,,0x14384FD20,high,4.5,2.377,callee set agrees: 3/4 mapped callees (jaccard 0.75); struct_sim=0.80,__int64 __fastcall(stbi__jpeg *j)
0x141172E70,FT_Get_Module_Interface,,0x1400704CD,high,4.481,1.2,caller set agrees: 6/6 mapped callers (jaccard 1.00); struct_sim=0.59,"const void *__fastcall(FT_LibraryRec_ *library, const char *mod_name)"
0x140074D10,BGMovingPlatformSolver::FixPosition,,0x14039EBE0,high,4.477,2.68,callee set agrees: 3/3 mapped callees (jaccard 1.00); struct_sim=0.65,"__int64 __usercall@<rax>(BGMovingPlatformSolver *this@<rcx>, vec3_t *fixed@<rdx>, __int128 *__struct_ptr _XMM0@<xmm0>, __int128 *__struct_ptr _XMM6@<xmm6>, __int128 *__struct_ptr _XMM7@<xmm7>, __int128 *__struct_ptr _XMM8@<xmm8>, __int128 *__struct_ptr _XMM9@<xmm9>, __int128 *__struct_ptr _XMM10@<xmm10>, __int128 *__struct_ptr _XMM11@<xmm11>, __int128 *__struct_ptr _XMM12@<xmm12>, __int128 *__struct_ptr _XMM13@<xmm13>, __int128 *__struct_ptr _XMM14@<xmm14>, __int128 *__struct_ptr _XMM15@<xmm15>)"
0x14011DF00,CG_ParseLinkedEntityToken,,0x141BE7840,high,4.476,4.476,1 shared string literal; caller set agrees: 3/3 mapped callers (jaccard 1.00); 1 shared rare constant; struct_sim=0.62,"__int64 __usercall@<rax>(const char *matchPrefix@<rcx>, const char *token@<rdx>, const char *tokenValue@<r8>, EntityPositionOffset *offsetData@<r9>, __int128 *__struct_ptr _XMM0@<xmm0>)"
0x1407684B0,CG_ParseString,,0x141BFEAC0,high,4.323,0.66,caller set agrees: 5/5 mapped callers (jaccard 0.83); struct_sim=0.88,"const char *__fastcall(const char *line, char *text, unsigned int bufferSize)"
0x14011E390,CG_ParsePositionToken,,0x141BE84C0,high,3.704,3.704,caller set agrees: 4/4 mapped callers (jaccard 1.00); 1 shared rare constant; struct_sim=0.60,"__int64 __usercall@<rax>(const char *matchPrefix@<rcx>, const char *token@<rdx>, const char *tokenValue@<r8>, vec3_t *outPosition@<r9>, __int128 *__struct_ptr _XMM0@<xmm0>)"
0x1411800A0,Compute_Point_Displacement,,0x1430B4A20,high,3.201,3.201,caller set agrees: 3/3 mapped callers (jaccard 1.00); struct_sim=0.93,"char __usercall@<al>(TT_ExecContextRec_ *exc@<rcx>, int *x@<rdx>, int *y@<r8>, TT_GlyphZoneRec_ *zone@<r9>, __int128 *__struct_ptr _XMM2@<xmm2>, unsigned __int16 *refp)"
0x140728990,PM_Weapon_IsSwimmingForward,,0x1410B4730,high,3.018,3.018,caller set agrees: 3/3 mapped callers (jaccard 1.00); struct_sim=0.81,"_BOOL8 __fastcall(const BgWeaponMap *weaponMap, const playerState_s *ps)"
0x14139A590,HHUhkContainerHeapAllocator::HHV?$hkPointerMap::hkSerializeMultiMap::getFirstIndex,,0x140094404,high,2.681,1.511,caller set agrees: 3/3 mapped callers (jaccard 1.00); struct_sim=0.59,"int __fastcall(hkSerializeMultiMap<int,int,hkPointerMap<int,int,hkContainerHeapAllocator> > *this, int k)"
0x140CA9610,CG_SND_InitPlayerBreathSystem,,0x142760C80,medium,28.538,26.566,22 shared string literals (jaccard 0.96); 1 shared matched global; struct_sim=0.45,void(void)
0x1404DAC10,LUI_LuaCall_LUIElement_SetupUIGrid_impl,,0x1425DBD00,medium,26.341,23.13,2 shared rare constants; struct_sim=0.77,"__int64 __usercall@<rax>(lua_State *const luaVM@<rcx>, __int128 *__struct_ptr _XMM0@<xmm0>, __int128 *@<xmm3>, __int128 *__struct_ptr _XMM6@<xmm6>, __int128 *__struct_ptr _XMM7@<xmm7>, __int128 *__struct_ptr _XMM8@<xmm8>, __int128 *@<xmm9>, __int128 *@<xmm10>, __int128 *@<xmm11>, __int128 *@<xmm12>, __int128 *@<xmm13>, __int128 *@<xmm14>, __int128 *@<xmm15>)"
0x141244928,bdAuth::handleAuthReply,,0x143581CC0,medium,15.051,5.746,1 mapped callee(s) in common; 3 shared rare constants; struct_sim=0.68,"__int64 __fastcall(bdAuth *this, unsigned int expectedTaskID, unsigned int expectedTicketSize)"
0x14020FC70,CG_TargetsChanged,,0x141D8D3C0,medium,13.676,0.395,10 shared string literals (jaccard 0.77); struct_sim=0.60; demoted: runner-up within 0.39,"void __usercall(LocalClientNum_t localClientNum@<ecx>, int num@<edx>, __int128 _XMM0@<xmm0>, __int128 _XMM2@<xmm2>, __int128 _XMM3@<xmm3>, __int128 _XMM6@<xmm6>)"
0x1404E4430,LUI_LuaCall_LUIElement_SetupMinimap_impl,,0x1425E5C80,medium,11.883,0.463,2 shared rare constants; struct_sim=0.76,"__int64 __usercall@<rax>(lua_State *const luaVM@<rcx>, __int128 *__struct_ptr _XMM0@<xmm0>, __int128 *__struct_ptr _XMM1@<xmm1>, __int128 *__struct_ptr _XMM6@<xmm6>)"
0x141291760,bdSocketRouter::processError,,0x143749150,medium,11.857,0.416,8 shared string literals (jaccard 0.80); struct_sim=0.97; demoted: runner-up within 0.42,"void __fastcall(bdSocketRouter *this, bdAddr *realAddr, int val, unsigned int *resetCount, bool *receiving)"
0x1409C9F90,PartyAtomic_HandleJoinFailed,,0x141131440,medium,10.81,1.796,24 shared rare constants; struct_sim=0.81,"void __usercall(PartyData *party@<rcx>, const PartyActiveClient *destClient@<rdx>, netadr_t *from@<r8>, msg_t *msg@<r9>, __int64@<r12>)"
0x1411C96B0,luaopen_package,,0x1438275A0,medium,10.512,6.167,2 shared rare constants; struct_sim=0.63,__int64 __fastcall(lua_State *L)
0x140BFBD00,AnimTreeParser_ParseCustomNodeParameter,,0x141512E70,medium,9.378,3.022,callee set overlaps: 2/2 mapped callees (jaccard 1.00); 1 shared rare constant; struct_sim=0.89,"void __usercall(scrContext_t *scrContext@<rcx>, AnimTreeParser_State *parser@<rdx>, unsigned int nodeVariable@<r8d>, __int128 *@<xmm0>)"
0x140479E70,AIScriptedInterface::Turret_Think,,0x140DD8560,medium,9.345,9.345,2 shared rare constants; struct_sim=0.72,__int64 __fastcall(AIScriptedInterface *this)
0x140D9A320,LB_HandleTimeFull,,0x14241FF70,medium,9.015,6.934,1 mapped callee(s) in common; 2 shared rare constants; struct_sim=0.97,"char *__usercall@<rax>(LbColumnDef *lbColDef@<rcx>, int value@<edx>, __int128 _XMM6@<xmm6>)"
0x140E26AA0,R_InitRenderBuffers,,0x142327740,medium,8.857,8.857,4 shared rare constants; struct_sim=0.68,void(void)
0x1414147B0,hkMonitorStreamAnalyzer::writeRawStatistics,,0x142BA9840,medium,8.731,5.149,3 shared rare constants; struct_sim=0.89,"void __fastcall(hkMonitorStreamAnalyzer *this, hkOstream *os)"
0x1400CBF90,LUIElement_AARMinimap_SetupMinimapData,,0x1425C1F20,medium,8.599,5.696,2 shared rare constants; struct_sim=0.92,"void __usercall(lua_State *luaVM@<rcx>, LUIElement *element@<rdx>, AARMinimapData *minimapData@<r8>, const int controllerIndex@<r9d>, __int128 *__struct_ptr _XMM0@<xmm0>, __int128 *__struct_ptr _XMM6@<xmm6>)"
0x140F927F0,hkcdConvexCellsTree3D::checkCellIntegrity,,0x1439D6760,medium,8.589,6.215,5 shared rare constants; struct_sim=0.93,"void __fastcall(hkcdConvexCellsTree3D *this, hkHandle<unsigned int,4294967295,hkcdNewCellsCollection::CellIdDiscriminant> cellId)"
0x14140DD4B,bdReliableSendWindow::handleAck,,0x143A89760,medium,8.52,5.478,3 shared rare constants; struct_sim=0.66,"__int64 __usercall@<rax>(bdReliableSendWindow *this@<rcx>, bdReference<bdSAckChunk> chunk@<rdx>, float *rtt@<r8>, __int128 _XMM0@<xmm0>, __int128 _XMM6@<xmm6>)"
0x14133E140,hkgpConvexHull::absoluteScale,,0x1438F7320,medium,8.468,2.391,2 shared string literals (jaccard 0.50); callee set overlaps: 2/2 mapped callees (jaccard 1.00); 5 shared rare constants; struct_sim=0.65,"float __usercall@<xmm0>(hkgpConvexHull *this@<rcx>, __int128 offset@<xmm1>, const hkgpConvexHull::AbsoluteScaleConfig *config@<r8>, __int128 _XMM0@<xmm0>, __int128 _XMM6@<xmm6>, __int128 _XMM7@<xmm7>, __int128 _XMM8@<xmm8>, __int128 _XMM9@<xmm9>, __int128 _XMM10@<xmm10>, __int128 _XMM11@<xmm11>, __int128 _XMM12@<xmm12>, __int128 _XMM13@<xmm13>, __int128 *@<xmm14>, __int128 *@<xmm15>)"
0x141176810,FT_Stream_Skip,,0x140093F18,medium,8.438,8.438,caller set agrees: 13/13 mapped callers (jaccard 1.00); struct_sim=0.43,"int __fastcall(FT_StreamRec_ *stream, int distance)"
0x140ED5540,bfx::LinkGenerator::PrintTimingData,,0x142A63FF0,medium,8.27,0.487,5 shared string literals (jaccard 1.00); struct_sim=0.85; demoted: runner-up within 0.49,"void __usercall(bfx::LinkGenerator *this@<rcx>, __int128 _XMM0@<xmm0>, __int128 _XMM6@<xmm6>, __int128 _XMM7@<xmm7>, __int128 _XMM8@<xmm8>, __int128 _XMM9@<xmm9>)"
0x140B8C230,LiveStorage_UploadStats_Internal,,0x1413BBD90,medium,8.174,0.365,2 shared rare constants; struct_sim=0.78,void __fastcall(const int controllerIndex)
0x141003E30,hknpCompressedMeshShape::getLeafShapes,,0x142E59BA0,medium,8.01,2.077,7 shared rare constants; struct_sim=0.79,"void __usercall(hknpCompressedMeshShape *this@<rcx>, const hkHandle<unsigned int,4294967295,hknpShapeKeyDiscriminant> *keys@<rdx>, int numKeys@<r8d>, hknpShapeCollector *collector@<r9>, __int128 _XMM6@<xmm6>, __int128 _XMM7@<xmm7>, __int128 _XMM8@<xmm8>, __int128 _XMM9@<xmm9>, __int128 _XMM10@<xmm10>, __int128 _XMM11@<xmm11>)"
0x140526A10,OnlineMatchmakerOmniscient::TaskGetLobbyDocuments,,0x140E10F50,medium,7.969,0.353,5 shared string literals (jaccard 0.62); struct_sim=0.90; demoted: runner-up within 0.35,"void __fastcall(OnlineMatchmakerOmniscient *this, GenericTask *task, eTaskManagerTaskState state)"
0x1405268E0,OnlineMatchmakerOmniscient::TaskCancelMatchmaking,,0x140E10D50,medium,7.949,0.348,5 shared string literals (jaccard 0.62); struct_sim=0.88; demoted: runner-up within 0.35,"void __fastcall(OnlineMatchmakerOmniscient *this, GenericTask *task, eTaskManagerTaskState state)"
0x140527100,OnlineMatchmakerOmniscient::TaskQosComplete,,0x140E11A80,medium,7.933,0.357,5 shared string literals (jaccard 0.62); struct_sim=0.87; demoted: runner-up within 0.36,"void __fastcall(OnlineMatchmakerOmniscient *this, GenericTask *task, eTaskManagerTaskState state)"
0x1404B57D0,FontIcons_GetIconReference,,0x14210DE80,medium,7.908,0.374,callee set overlaps: 2/2 mapped callees (jaccard 1.00); struct_sim=0.92,"bool __fastcall(LocalClientNum_t localClientNum, const char *name, InputContext inputContext, unsigned __int64 resultBufferSize, char *outResult)"
0x14119F070,t42_parse_dict,,0x1430DAF70,medium,7.731,7.731,2 shared string literals (jaccard 0.50); callee set overlaps: 2/3 mapped callees (jaccard 0.67); 1 shared rare constant; struct_sim=1.00,"__int64 __fastcall(T42_FaceRec_ *face, T42_Loader_ *loader, char *base, int size)"
0x140D9A070,LB_HandleTime,,0x14241FC40,medium,7.681,3.85,1 mapped callee(s) in common; 2 shared rare constants; struct_sim=0.91,"char *__usercall@<rax>(LbColumnDef *lbColDef@<rcx>, int value@<edx>, __int128 _XMM6@<xmm6>, __int128 _XMM7@<xmm7>)"
0x140B85A40,LiveStorage_CheckPeriodicChallengeUpdate,,0x1413AA420,medium,7.618,5.726,3 shared rare constants; struct_sim=0.87,"void __usercall(const int controllerIndex@<ecx>, __int128 _XMM0@<xmm0>)"
0x140F05A70,_anonymous_namespace_::printTask,,0x142B19890,medium,7.571,4.259,3 shared rare constants; struct_sim=0.75,"void __fastcall(const hkTaskGraph::Node *task, int i, hkOstream *outStream, int nameOffset)"
0x14051F4F0,OnlineMatchmakerOmniscient::SetPlayerInfo,,0x140E0E240,medium,7.485,2.344,1 mapped callee(s) in common; 2 shared rare constants; struct_sim=0.85,"__int64 __fastcall(OnlineMatchmakerOmniscient *this, int controllerIndex, const XNADDR *addr, unsigned int *outTaskId)"
0x1410CCD00,hknpSingleThreadedSimulation::collide,,0x142F7C200,medium,7.43,4.664,2 shared rare constants; struct_sim=0.92,"void __fastcall(hknpSingleThreadedSimulation *this, hknpSimulationContext *simulationContext, hknpTaskGraph *__formal)"
0x140E77E90,db_inflate_trees_bits,,0x1437C5A80,medium,7.394,3.784,2 shared string literals (jaccard 1.00); 1 mapped callee(s) in common; 2 shared rare constants; struct_sim=1.00,"__int64 __fastcall(unsigned int *c, unsigned int *bb, db_inflate_huft_s **tb, db_inflate_huft_s *hp, db_z_stream_s *z)"
0x1413AA4F0,?0hkVisualDebugger,,0x142C268D0,medium,7.333,4.297,2 shared rare constants; struct_sim=0.91,"void __usercall(hkVisualDebugger *this@<rcx>, const hkArray<hkProcessContext *,hkContainerHeapAllocator> *contexts@<rdx>, const void *__formal@<r8>, __int128 _XMM1@<xmm1>)"
0x1411AF700,sfnt_load_face,,0x1430EFCF0,medium,7.289,5.369,callee set overlaps: 2/2 mapped callees (jaccard 1.00); 8 shared rare constants; struct_sim=0.99,"__int64 __fastcall(FT_StreamRec_ *stream, TT_FaceRec_ *face, int face_index, int num_params, FT_Parameter_ *params)"
0x1411A54E0,afm_parse_track_kern,,0x1430E2C00,medium,7.231,0.38,callee set agrees: 4/4 mapped callees (jaccard 1.00); 2 shared rare constants; struct_sim=0.95; demoted: runner-up within 0.38,__int64 __fastcall(AFM_ParserRec_ *parser)
0x1400E2470,LUIElement_RadarTargeting_HandleCursor,,0x1425F8BB0,medium,7.076,2.672,callee set overlaps: 2/3 mapped callees (jaccard 0.67); struct_sim=0.56,"void __usercall(const LocalClientNum_t localClientNum@<ecx>, RadarTargetingOptions *options@<rdx>, LUIElement *element@<r8>, LUIElement *root@<r9>, __int128 *__struct_ptr _XMM6@<xmm6>, __int128 *__struct_ptr _XMM7@<xmm7>, __int128 *__struct_ptr _XMM8@<xmm8>, __int128 *__struct_ptr _XMM9@<xmm9>, __int128 *__struct_ptr _XMM10@<xmm10>, __int128 *__struct_ptr _XMM11@<xmm11>, __int128 *__struct_ptr _XMM12@<xmm12>, float red, float green, float blue, float alpha, lua_State *luaVM, const vec2_t *elementCenter, float radarRadius, const vec2_t *targetScreenOffsets, const float *targetScreenYaws)"
0x1413459A0,hkgpConvexHullImpl::HH::generateIndexedFaces,,0x1438F1BA0,medium,7.07,0.407,2 shared string literals (jaccard 0.50); 7 shared rare constants; struct_sim=0.91,"__int64 __fastcall(hkgpConvexHullImpl *this, hkArray<int,hkContainerHeapAllocator> *vpf, hkArray<int,hkContainerHeapAllocator> *vi, bool useSourceIndex, bool maximizeArea)"
0x141176CF0,Mac_Read_POST_Resource,,0x1430A8F70,medium,6.898,6.898,1 shared string literal; callee set overlaps: 2/2 mapped callees (jaccard 1.00); struct_sim=1.00,"__int64 __fastcall(FT_LibraryRec_ *library, FT_StreamRec_ *stream, int *offsets, int resource_cnt, int face_index, FT_FaceRec_ **aface)"
0x141358E30,hkgpMesh::fixTJunctions,,0x1439323B0,medium,6.742,1.95,2 shared string literals (jaccard 0.50); 6 shared rare constants; struct_sim=0.96,"void __usercall(hkgpMesh *this@<rcx>, __int128 maxDistanceToEdgeR@<xmm1>, bool report@<r8b>, __int128 _XMM0@<xmm0>, __int128 _XMM6@<xmm6>, __int128 _XMM7@<xmm7>, __int128 _XMM8@<xmm8>)"
0x1410FC520,hknpBodyIdViewer::step,,0x142EE8360,medium,6.635,4.0,2 shared string literals (jaccard 1.00); 5 shared rare constants; struct_sim=0.82,"void __usercall(hknpBodyIdViewer *this@<rcx>, __int128 deltaTime@<xmm1>, __int128 _XMM6@<xmm6>)"
0x14118A330,parse_charstrings,,0x1430C1790,medium,6.584,3.634,1 shared string literal; 1 mapped callee(s) in common; 3 shared rare constants; struct_sim=0.99,"void __fastcall(T1_FaceRec_ *face, T1_Loader_ *loader)"
0x140E788C0,stbi__decode_jpeg_header,,0x14384FB90,medium,6.572,4.103,2 shared string literals (jaccard 1.00); 1 mapped callee(s) in common; struct_sim=0.98,"_BOOL8 __fastcall(stbi__jpeg *z, int scan)"
0x140CFE7E0,Sys_ListFiles,,0x1418AF6A0,medium,6.551,3.573,3 shared rare constants; struct_sim=0.92,"char **__fastcall(const char *directory, const char *extension, const char *filter, int *numfiles, int wantsubs)"
0x140E76980,db_inflate_codes,,0x1437C5E00,medium,6.489,0.907,2 shared string literals (jaccard 1.00); 4 shared rare constants; struct_sim=0.99,"int __usercall@<eax>(db_inflate_blocks_state *s@<rcx>, db_z_stream_s *z@<rdx>, int r@<r8d>, __int64@<r11>)"
0x140C67F90,SV_SnapshotMP_CheckOverflow,,0x1416BD700,medium,6.464,4.352,4 shared rare constants; struct_sim=0.77,bool __fastcall()
0x1411C8260,lj_cf_package_module,,0x143827F80,medium,6.459,2.261,2 shared string literals (jaccard 0.40); 1 mapped callee(s) in common; 2 shared rare constants; struct_sim=0.77,__int64 __fastcall(lua_State *L)
0x140BFBA80,AnimTreeParser_MatchToken,,0x141512660,medium,6.422,1.396,2 shared string literals (jaccard 1.00); 1 mapped callee(s) in common; struct_sim=0.88,"void __fastcall(scrContext_t *scrContext, AnimTreeParser_State *p, const char *match)"
0x1404EC1A0,LUI_Model_GetModelFromOmnvar,,0x142615DE0,medium,6.376,3.458,2 shared string literals (jaccard 1.00); 1 mapped callee(s) in common; struct_sim=0.85,"__int64 __fastcall(int controllerIndex, const OmnvarDef *omnvarDef)"
0x14052CEE0,Online_PatchStreamer::ProcessManifestEntry,,0x140E259C0,medium,6.375,1.382,callee set overlaps: 2/2 mapped callees (jaccard 1.00); 7 shared rare constants; struct_sim=0.65,"bool __fastcall(Online_PatchStreamer *this, const CCSPatchType patchType, const unsigned int entryIndex, const psManifestFileEntry_t *inManifestEntry, ntl::fixed_list<dcacheFileDetails_t *,2048,0> *inOutPermDCacheFiles, ntl::fixed_list<dcacheFileDetails_t *,2048,0> *inOutTempDcacheFiles, psManifestActionInfo_t *outAction)"
0x1405A89A0,exportConstraintDataAtoms,,0x141BA8600,medium,6.353,0.33,3 shared string literals (jaccard 1.00); 1 shared rare constant; struct_sim=0.90; demoted: runner-up within 0.33,"void __fastcall(const hkReflect::Type *dataclass, hkpConstraintData *data, hkStreamWriter *writer)"
0x140F6F940,hkcdPlanarGeometry::checkPolygonConvexity,,0x1439B7CE0,medium,6.301,6.301,2 shared string literals (jaccard 1.00); 5 shared rare constants; struct_sim=0.60,"void __usercall(hkcdPlanarGeometry *this@<rcx>, const hkHandle<unsigned int,0,hkcdPlanarGeometryPolygonCollection::PolygonIdDiscriminant> *polyId@<rdx>, __int128 _XMM6@<xmm6>, __int128 _XMM7@<xmm7>, __int128 _XMM8@<xmm8>, __int128 _XMM9@<xmm9>, __int128 _XMM10@<xmm10>, __m256i _YMM2@<ymm2>, __m256i _YMM3@<ymm3>)"
0x1411C8DB0,luaopen_io,,0x143824A70,medium,6.285,3.482,4 shared string literals (jaccard 0.67); struct_sim=0.55,__int64 __fastcall(lua_State *L)
0x140BFC990,AnimTreeParser_ParseLodDistances,,0x1415136A0,medium,6.278,0.339,callee set overlaps: 2/2 mapped callees (jaccard 1.00); struct_sim=0.74,"void __usercall(scrContext_t *scrContext@<rcx>, AnimTreeParser_State *parser@<rdx>, __int128 *__struct_ptr _XMM0@<xmm0>, __int128 *__struct_ptr _XMM6@<xmm6>, __int128 *__struct_ptr _XMM7@<xmm7>, __int128 *__struct_ptr _XMM8@<xmm8>)"
0x14134BF70,hkgpConvexHullImpl::simplify,,0x143908A40,medium,6.278,0.376,2 shared string literals (jaccard 0.50); 5 shared rare constants; struct_sim=0.92,"const hkgpConvexHull::SimplifyConfig *__usercall@<rax>(hkgpConvexHullImpl *this@<rcx>, const hkgpConvexHull::SimplifyConfig *config@<rdx>, __int64@<r8>, __int128 _XMM0@<xmm0>, __int128 _XMM6@<xmm6>, __int128 _XMM7@<xmm7>, __int128 _XMM8@<xmm8>, __int128 _XMM9@<xmm9>, __int128 _XMM10@<xmm10>)"
0x140F0D410,hkDefaultError::getMessageTypeString,,0x142B56280,medium,6.248,4.075,4 shared string literals (jaccard 0.80); struct_sim=0.43,"void __fastcall(hkDefaultError *this, hkError::Message msg, const char **msgType)"
0x141351E80,hkgpMesh::appendFromGeometryRaw,,0x143928560,medium,6.225,6.225,1 mapped callee(s) in common; 8 shared rare constants; struct_sim=0.88,"void __usercall(hkgpMesh *this@<rcx>, const hkGeometry *geom@<rdx>, const hkMatrix4Impl<float> *xform@<r8>, bool flipOrientation@<r9b>, __int128 _XMM6@<xmm6>, __int128 _XMM7@<xmm7>, __int128 _XMM8@<xmm8>, __int128 _XMM9@<xmm9>)"
0x1412546F8,bdLobbyService::handleTencentLoudSpeakerMessage,,0x14360D6F0,medium,6.195,6.195,2 shared string literals (jaccard 0.67); 1 mapped callee(s) in common; 1 shared rare constant; struct_sim=0.69,"__int64 __fastcall(bdLobbyService *this, bdReference<bdByteBuffer> message)"
0x141351140,hkgpMesh::appendFromGeometry,,0x143927360,medium,6.159,1.704,12 shared rare constants; struct_sim=0.91,"void __usercall(hkgpMesh *this@<rcx>, const hkGeometry *geom@<rdx>, const hkMatrix4Impl<float> *xform@<r8>, int partId@<r9d>, __int128 _XMM6@<xmm6>, bool flipOrientation, bool removeInvalidTriangles)"
0x141238930,bdJSONUtility::skipValue,,0x14357EC40,medium,6.156,3.64,2 shared rare constants; struct_sim=0.88,"const char *__fastcall(const char *start, bool logErrors)"
0x14117D120,af_latin_hints_compute_segments,,0x1430B0F20,medium,6.092,3.453,callee set overlaps: 2/2 mapped callees (jaccard 1.00); caller set overlaps: 2/2 mapped callers (jaccard 1.00); 2 shared rare constants; struct_sim=0.99,"__int64 __fastcall(AF_GlyphHintsRec_ *hints, AF_Dimension_ dim)"
0x140E76FD0,db_inflate_fast,,0x1437C6740,medium,6.09,0.874,2 shared string literals (jaccard 1.00); 3 shared rare constants; struct_sim=0.99,"__int64 __fastcall(unsigned int bl, unsigned int bd, db_inflate_huft_s *tl, db_inflate_huft_s *td, db_inflate_blocks_state *s, db_z_stream_s *z)"
0x1411838B0,TT_Hint_Glyph,,0x1430B8EC0,medium,6.054,6.054,callee set overlaps: 2/2 mapped callees (jaccard 1.00); caller set overlaps: 2/2 mapped callers (jaccard 1.00); 2 shared rare constants; struct_sim=0.97,"__int64 __fastcall(TT_LoaderRec_ *loader, char is_composite)"
0x14BE87CE5,bdSocketRouter::disconnect,,0x1437448E0,medium,6.012,3.718,4 shared string literals (jaccard 0.57); struct_sim=0.43,"bool __fastcall(bdSocketRouter *this, bdReference<bdAddrHandle> *addrHandle)"
0x1410FCF60,hknpMotionTrailViewer::step,,0x142FF36E0,medium,5.973,3.756,1 shared string literal; 6 shared rare constants; struct_sim=0.92,"void __usercall(hknpMotionTrailViewer *this@<rcx>, __int128 deltaTime@<xmm1>, __int128 _XMM6@<xmm6>)"
0x14060F320,LUI_LuaCall_LUIGlobalPackage_ConstructLUIElement,,0x142440480,medium,5.968,5.968,1 shared string literal; 1 mapped callee(s) in common; 2 shared rare constants; struct_sim=0.85,__int64 __fastcall(lua_State *luaVM)
0x1405ABE20,NpSimulationSnapshot::importSimulationState,,0x141BAC8A0,medium,5.962,5.962,1 shared string literal; 7 shared rare constants; struct_sim=0.97,"__int64 __fastcall(hknpWorld *pWorld, hkStreamReader *reader, NpSimulationSnapshot::PostImportPatch *fixupUtil)"
0x140F23050,hkBsdSocket::pollForNewClient,,0x142C18680,medium,5.957,2.847,1 shared string literal; callee set overlaps: 2/2 mapped callees (jaccard 1.00); 1 shared rare constant; struct_sim=0.95,"hkSocket *__fastcall(hkBsdSocket *this, hkInetAddr *remoteAddr)"
0x1410F28F0,hknpPrepareSolverTask::initPreSolve,,0x14303A4D0,medium,5.918,3.146,2 shared rare constants; struct_sim=0.79,"void __fastcall(hknpPrepareSolverTask *this, hknpSimulationContext *simulationContext, hknpSimulationThreadContext *threadContext, hknpSolverData *solverData)"
0x14133D6C0,hkgpConvexHull::expandByPlanarMargin,,0x1438FF770,medium,5.911,5.911,2 shared string literals (jaccard 1.00); 3 shared rare constants; struct_sim=0.87,"hkBool *__usercall@<rax>(hkgpConvexHull *this@<rcx>, hkBool *result@<rdx>, __int128 margin@<xmm2>, __int128 _XMM0@<xmm0>, __int128 _XMM6@<xmm6>, __int128 _XMM7@<xmm7>, __int128 _XMM8@<xmm8>, __int128 _XMM9@<xmm9>, __int128 _XMM10@<xmm10>, __int128 _XMM11@<xmm11>, __int128 _XMM12@<xmm12>)"
0x141188DD0,tt_loader_init,,0x1430BF660,medium,5.892,3.699,callee set overlaps: 2/2 mapped callees (jaccard 1.00); 3 shared rare constants; struct_sim=0.99,"__int64 __fastcall(TT_LoaderRec_ *loader, TT_SizeRec_ *size, FT_GlyphSlotRec_ *glyph, int load_flags, char glyf_table_only)"
0x141192C30,cf2_glyphpath_pushPrevElem,,0x1430CBA60,medium,5.853,2.592,callee set overlaps: 2/2 mapped callees (jaccard 1.00); caller set agrees: 3/3 mapped callers (jaccard 1.00); struct_sim=0.97,"void __fastcall(CF2_GlyphPathRec_ *glyphpath, CF2_HintMapRec_ *hintmap, FT_Vector_ *nextP0, FT_Vector_ nextP1, char close)"
0x141018360,UhkcdDefaultStaticMeshTree::buildStep3,,0x142E29B60,medium,5.74,3.424,11 shared rare constants; struct_sim=0.89,"char __usercall@<al>(const hkcdStaticMeshTree::BuildConfig *config@<rcx>, hkcdStaticMeshTree::BuildStepUtils::QuantizersInfos *qInfos@<rdx>, hkcdStaticMeshTree::GeometryProvider *provider@<r8>, hkcdStaticMeshTree::BuildMappings *mapping@<r9>, __int128 _XMM0@<xmm0>, __int128 _XMM6@<xmm6>, __int128 _XMM7@<xmm7>, __int128 _XMM8@<xmm8>, __int128 _XMM9@<xmm9>, __int128 _XMM10@<xmm10>, __int128 _XMM11@<xmm11>, __int128 _XMM12@<xmm12>, __int128 _XMM13@<xmm13>, __int128 _XMM14@<xmm14>, __int128 _XMM15@<xmm15>, const hkArrayBase<hkBool> *isVertexOnBorder, hkArray<hkcdStaticMeshTree::BuildStepUtils::Quad,hkContainerHeapAllocator> *quads, hkArray<hkcdStaticMeshTree::BuildStepUtils::SubTree,hkContainerHeapAllocator> *roots, hkcdStaticMeshTree::BuildStepUtils::DynamicTree *masterTree, hkcdDefaultStaticMeshTree *meshBase)"
0x141355680,hkgpMesh::generateSurfaceSamples,,0x1439354E0,medium,5.728,2.289,2 shared string literals (jaccard 1.00); 3 shared rare constants; struct_sim=0.75,"void __usercall(hkgpMesh *this@<rcx>, const hkgpMesh::SurfaceSamplingConfig *config@<rdx>, hkArray<hkVector4f,hkContainerHeapAllocator> *samplesOut@<r8>, bool useWeight@<r9b>, __int128 _XMM6@<xmm6>, __int128 _XMM7@<xmm7>, __int128 _XMM8@<xmm8>, __int128 _XMM9@<xmm9>, __int128 _XMM10@<xmm10>, __int128 _XMM11@<xmm11>, __int128 _XMM12@<xmm12>, __int128 _XMM13@<xmm13>, __int128 _XMM14@<xmm14>)"
0x1413A99F0,hkXmlLexAnalyzer::_matchInBrackets,,0x142C19140,medium,5.694,3.8,2 shared string literals (jaccard 1.00); 2 shared rare constants; struct_sim=1.00,hkXmlLexAnalyzer::Token __fastcall(hkXmlLexAnalyzer *this)
0x141184190,TT_Load_Glyph,,0x1430B98B0,medium,5.646,3.682,callee set overlaps: 2/2 mapped callees (jaccard 1.00); 4 shared rare constants; struct_sim=0.96,"__int64 __fastcall(TT_SizeRec_ *size, FT_GlyphSlotRec_ *glyph, __int64 glyph_index, int load_flags)"
0x14103BA10,UhkcdDefaultStaticMeshTree::SectionDecoder::CustomGeometryConverterBase::appendCustomPrimitiveToGeometry,,0x142E4D080,medium,5.625,0.274,2 shared string literals (jaccard 0.50); 4 shared rare constants; struct_sim=0.75,"void __fastcall(hkcdStaticMeshTree::SectionDecoder<hkcdDefaultStaticMeshTree>::CustomGeometryConverterBase *this, const hkcdStaticMeshTree::SectionDecoder<hkcdDefaultStaticMeshTree> *decoder, int primitiveIndex, hkGeometry *geometry)"
0x141356C40,hkgpMesh::bindEdge,,0x143929F10,medium,5.623,2.592,2 shared string literals (jaccard 1.00); 2 shared rare constants; struct_sim=0.95,"char __fastcall(hkgpMesh *this, hkgpMeshBase::Edge *edge, bool onlyToNaked, bool mustMatch)"
0x140429170,G_VehiclePath_SpawnNode,,0x140D3F800,medium,5.604,5.604,2 shared string literals (jaccard 1.00); 2 shared rare constants; struct_sim=0.94,"void __usercall(const char *className@<rcx>, __int128 *@<xmm6>)"
0x1403E3D20,AIScriptedInterface::SetDefaults,,0x140C82610,medium,5.581,3.135,12 shared rare constants; struct_sim=0.52,void __fastcall(AIScriptedInterface *this)
0x140F2F9C0,hkMemoryResourceContainer::findResourceByName,,0x142B84D40,medium,5.563,5.563,2 shared string literals (jaccard 0.50); 3 shared rare constants; struct_sim=0.98,"hkMemoryResourceHandle *__fastcall(hkMemoryResourceContainer *this, const char *objectName, const hkReflect::Type *klass, const hkResourceHandle *prevObject)"
0x140C17BF0,Agent_Spawn,,0x1415CF3A0,medium,5.555,1.538,1 shared string literal; 1 mapped callee(s) in common; 1 shared matched global; 3 shared rare constants; struct_sim=0.62,"void __usercall(gentity_s *entity@<rcx>, const vec3_t *origin@<rdx>, const vec3_t *angles@<r8>, const char *animClassName@<r9>, __int128 _XMM6@<xmm6>, __int128 _XMM7@<xmm7>, __int128 _XMM8@<xmm8>, const Bounds *bounds, unsigned int ownerNum, bool freezeControls, bool bLegacyAgent)"
0x1411A0DE0,pcf_get_accel,,0x1430DD400,medium,5.491,5.491,callee set overlaps: 2/2 mapped callees (jaccard 1.00); 2 shared rare constants; struct_sim=0.99,"int __fastcall(FT_StreamRec_ *stream, PCF_FaceRec_ *face, unsigned int type)"
0x1413DA7A0,hknpHybridBroadPhaseUtils::update,,0x142F0C640,medium,5.459,1.734,10 shared rare constants; struct_sim=0.97,"void __fastcall(hknpHybridAabbTree<hknpBodyId,unsigned int,hkAabb16ext> *tree, const hkAabb24_16_24_Codec *codec, hknpBody *bodies, bool hasDirtyAabbs)"
0x140008004,MSG_GetBitCount,,0x141437710,medium,5.458,3.469,12 shared rare constants; struct_sim=0.44,"unsigned int __fastcall(bool *estimate, const char *fromData, const char *toData, const NetField *field)"
0x141413300,_anonymous_namespace_::writeMemorySystemStats,,0x142B247B0,medium,5.417,5.417,2 shared string literals (jaccard 1.00); struct_sim=0.94,"void __fastcall(const hkMemorySnapshot *snapshot, hkOstream *stream)"
0x141410FC0,bdPlatformStreamSocket::isWritable,,0x14372F2E0,medium,5.369,1.728,1 mapped callee(s) in common; 6 shared rare constants; struct_sim=0.85,"_BOOL8 __fastcall(const int handle, bdSocketStatusCode *error)"
0x1400AC8A0,TerrainFollowingRadarControl::LoadTFRParameters,,0x14032D8F0,medium,5.351,0.626,10 shared rare constants; struct_sim=0.90,void __fastcall(TerrainFollowingRadarControl *this)
0x140F6F150,hkcdPlanarGeometry::checkPolygonCachedValues,,0x1439B6F60,medium,5.33,1.871,2 shared string literals (jaccard 1.00); 3 shared rare constants; struct_sim=0.49,"void __usercall(hkcdPlanarGeometry *this@<rcx>, const hkHandle<unsigned int,0,hkcdPlanarGeometryPolygonCollection::PolygonIdDiscriminant> *polyId@<rdx>, __int128 _XMM6@<xmm6>, __int128 _XMM7@<xmm7>, __int128 _XMM8@<xmm8>, __int128 _XMM9@<xmm9>, __int128 _XMM10@<xmm10>, __int128 _XMM11@<xmm11>, __int128 _XMM12@<xmm12>, __int128 _XMM13@<xmm13>, __int128 _XMM14@<xmm14>, __int128 _XMM15@<xmm15>)"
0x1410BE720,hknpScaledConvexShapeBase::castRayImpl,,0x142F555B0,medium,5.313,1.657,1 shared string literal; 6 shared rare constants; struct_sim=0.48,"void __usercall(hknpScaledConvexShapeBase *this@<rcx>, hknpCollisionQueryContext *queryContext@<rdx>, const hknpRayCastQuery *query@<r8>, const hknpQueryFilterData *targetShapeFilterData@<r9>, __int128 _XMM0@<xmm0>, __int128 _XMM6@<xmm6>, __int128 _XMM7@<xmm7>, __int128 _XMM8@<xmm8>, __int128 _XMM9@<xmm9>, __int128 _XMM10@<xmm10>, __int128 _XMM11@<xmm11>, __int128 _XMM12@<xmm12>, __int128 _XMM13@<xmm13>, __int128 _XMM14@<xmm14>, __int128 _XMM15@<xmm15>, const hknpShapeQueryInfo *targetShapeInfo, hknpCollisionQueryCollector *collector)"
0x1410B3320,hknpLinearIntegrationClippedEvent::printCommand,,0x142F3E970,medium,5.3,5.3,2 shared string literals (jaccard 1.00); 1 shared rare constant; struct_sim=1.00,"void __fastcall(hknpLinearIntegrationClippedEvent *this, const hknpWorld *world, hkOstream *out)"
0x1410DB070,?0hknpBallGun,,0x142FBD0A0,medium,5.283,2.98,1 shared string literal; 4 shared rare constants; struct_sim=0.99,"void __usercall(hknpBallGun *this@<rcx>, int numBullets@<edx>, unsigned int raiseContactEvents@<r8d>, __int128 _XMM0@<xmm0>)"
0x1411061F0,hkpConstraintDataUtils::createLimited,,0x1430857B0,medium,5.279,2.696,2 shared string literals (jaccard 1.00); 2 shared rare constants; struct_sim=0.72,hkpRagdollLimitsData *__fastcall(const hkpConstraintData *data)
0x1413AA930,hkVisualDebugger::capture,,0x142C27E30,medium,5.277,1.764,3 shared rare constants; struct_sim=0.93,"void __fastcall(hkVisualDebugger *this, const char *captureFilename)"
0x140F19670,hkWin32FileSystem::stat,,0x142C169D0,medium,5.274,5.274,callee set overlaps: 2/2 mapped callees (jaccard 1.00); 3 shared rare constants; struct_sim=0.98,"const char *__fastcall(hkWin32FileSystem *this, const char *path, hkFileSystem::Entry *entryOut, hkFileSystem::Entry *)"
0x141289E2E,bdQoSProbe::onNATAddrDiscovery,,0x143736830,medium,5.25,2.537,3 shared string literals (jaccard 0.60); 1 shared rare constant; struct_sim=0.43,"void __fastcall(bdQoSProbe *this, bdReference<bdCommonAddr> remote, const bdAddr *realAddr)"
0x1411065B0,hkpConstraintDataUtils::getConstraintMotors,,0x143085E20,medium,5.235,3.022,2 shared string literals (jaccard 1.00); 1 shared rare constant; struct_sim=0.96,"__int64 __fastcall(const hkpConstraintData *data, hkpConstraintMotor **motor0, hkpConstraintMotor **motor1, hkpConstraintMotor **motor2)"
0x14107EF50,hknpWorld::allocateConstraint,,0x142E8D3D0,medium,5.229,2.693,2 shared string literals (jaccard 0.67); 2 shared rare constants; struct_sim=0.91,"hkHandle<unsigned int,2147483647,hknpConstraintIdDiscriminant> *__fastcall(hknpWorld *this, hkHandle<unsigned int,2147483647,hknpConstraintIdDiscriminant> *result, const hknpConstraintCinfo *constraintCinfo)"
0x140E666D0,RB_MBlur_Apply,,0x1423F4470,medium,5.228,5.228,2 shared rare constants; struct_sim=0.46,"void __usercall(GfxCmdBufContext *gfxContext@<rcx>, const GfxViewInfo *viewInfo@<rdx>, R_RT_Group *activeGroup@<r8>, __int128 _XMM0@<xmm0>, __int128 _XMM6@<xmm6>, __int128 _XMM7@<xmm7>, __int128 _XMM8@<xmm8>, __int128 _XMM9@<xmm9>)"
0x1413AB6A0,hkVisualDebugger::step,,0x142C2A7B0,medium,5.223,2.387,1 shared matched global; 2 shared rare constants; struct_sim=0.79,"void __usercall(hkVisualDebugger *this@<rcx>, __int128 frameTimeInMs@<xmm1>, hkVisualDebugger::StepActions actions@<r8b>, __int128 _XMM0@<xmm0>, __int128 _XMM6@<xmm6>, __int128 _XMM7@<xmm7>)"
0x141178550,load_face_in_embedded_rfork,,0x1430AAF40,medium,5.22,2.495,callee set overlaps: 3/5 mapped callees (jaccard 0.60); struct_sim=0.96,"__int64 __fastcall(FT_LibraryRec_ *library, FT_StreamRec_ *stream, int face_index, FT_FaceRec_ **aface, const FT_Open_Args_ *args)"
0x1400C5E70,R_InitMDAOFrameData,,0x1420D2C50,medium,5.218,5.218,2 shared string literals (jaccard 1.00); 1 shared rare constant; struct_sim=0.95,void __fastcall(MDAOFrameData *frameData)
0x140F2EA00,hkResourceHandle::tryToResolveLinks,,0x142B860D0,medium,5.218,0.588,2 shared string literals (jaccard 0.50); 3 shared rare constants; struct_sim=0.75,"void __usercall(hkResourceHandle *this@<rcx>, hkResourceMap *map@<rdx>, __int128 _XMM0@<xmm0>)"
0x141376560,hkSerializeUtil::loadOnHeap,,0x1438D2C60,medium,5.206,1.587,2 shared string literals (jaccard 0.67); 2 shared rare constants; struct_sim=0.89,"hkReferencedObject *__usercall@<rax>(hkStreamReader *streamIn@<rcx>, hkSerializeUtil::ErrorDetails *errorOut@<rdx>, hkSerializeUtil::LoadOptions *options@<r8>, __int128 _XMM0@<xmm0>)"
0x141356B90,hkgpMesh::hasValidTopology,,0x1439368A0,medium,5.205,2.735,2 shared string literals (jaccard 1.00); 1 shared rare constant; struct_sim=0.94,"bool __fastcall(hkgpMesh *this, bool raiseError)"
0x141342FB0,hkgpConvexHullImpl::UPositionAsTransform::buildBevelPlanes,,0x1438EEC60,medium,5.197,0.383,2 shared string literals (jaccard 0.50); 3 shared rare constants; struct_sim=0.73,"void __usercall(hkgpConvexHullImpl *this@<rcx>, __int128 maxCosAngle@<xmm1>, hkArray<hkVector4f,hkContainerHeapAllocator> *bevelPlanes@<r8>, __int128 _XMM6@<xmm6>, __int128 _XMM7@<xmm7>, __int128 _XMM8@<xmm8>, __int128 _XMM9@<xmm9>)"
0x14134FA40,hkgpMesh::locate,,0x143939B60,medium,5.194,1.876,2 shared string literals (jaccard 1.00); 2 shared rare constants; struct_sim=0.66,"void __usercall(hkgpMesh *this@<rcx>, const hkVector4f *x@<rdx>, hkgpMesh::Location *location@<r8>, hkBool useTree@<r9b>, __int128 _XMM6@<xmm6>, __int128 _XMM7@<xmm7>, __int128 _XMM8@<xmm8>, __int128 _XMM9@<xmm9>, __int128 _XMM10@<xmm10>)"
0x1405FF220,LUI_BeginEventWithElement,,0x14242B140,medium,5.192,3.352,1 shared string literal; 1 mapped callee(s) in common; 2 shared rare constants; struct_sim=0.83,"char __fastcall(LocalClientNum_t localClient, LUIElement *element, const char *eventName, lua_State *luaVM)"
0x14110EE80,?0hkp6DofConstraintData,,0x143097FC0,medium,5.187,2.827,10 shared rare constants; struct_sim=0.79,void __fastcall(hkp6DofConstraintData *this)
0x14051D4B0,Online_Loot::AddToLastLootDrops,,0x14267BC00,medium,5.183,2.993,3 shared rare constants; struct_sim=0.91,"void __usercall(Online_Loot *this@<rcx>, const int controllerIndex@<edx>, const unsigned int itemID@<r8d>, __int128 _XMM0@<xmm0>)"
0x141192B70,cf2_glyphpath_pushMove,,0x1430CB9A0,medium,5.169,3.934,callee set overlaps: 2/2 mapped callees (jaccard 1.00); caller set overlaps: 2/2 mapped callers (jaccard 1.00); struct_sim=0.91,"void __fastcall(CF2_GlyphPathRec_ *glyphpath, FT_Vector_ start)"
0x1413AE9A0,hkRemoteObjectProcess::consumeCommand,,0x142C4C370,medium,5.125,5.125,2 shared string literals (jaccard 1.00); 1 shared rare constant; struct_sim=0.88,"void __fastcall(hkRemoteObjectProcess *this, char command)"
0x1413B0670,hkCommandRouter::consumeCommands,,0x142C3C9C0,medium,5.105,5.105,1 shared string literal; 4 shared rare constants; struct_sim=0.87,"hkBool *__fastcall(hkCommandRouter *this, hkBool *result, hkVdbIStream *stream)"
0x14048DD20,PIP_SetVisionSetMissileCam,,0x142052760,medium,5.099,1.867,2 shared string literals (jaccard 1.00); 1 shared matched global; struct_sim=0.80,"void __usercall(scrContext_t *scrContext@<rcx>, PipElement *pipElem@<rdx>, int offset@<r8d>, __int128 _XMM6@<xmm6>)"
0x14048DC00,PIP_SetVisionSetNaked,,0x1420525A0,medium,5.099,1.867,2 shared string literals (jaccard 1.00); 1 shared matched global; struct_sim=0.80,"void __usercall(scrContext_t *scrContext@<rcx>, PipElement *pipElem@<rdx>, int offset@<r8d>, __int128 _XMM6@<xmm6>)"
0x14048DC90,PIP_SetVisionSetNight,,0x142052680,medium,5.099,1.867,2 shared string literals (jaccard 1.00); 1 shared matched global; struct_sim=0.80,"void __usercall(scrContext_t *scrContext@<rcx>, PipElement *pipElem@<rdx>, int offset@<r8d>, __int128 _XMM6@<xmm6>)"
0x14048DDB0,PIP_SetVisionSetThermal,,0x142052840,medium,5.099,1.867,2 shared string literals (jaccard 1.00); 1 shared matched global; struct_sim=0.80,"void __fastcall(scrContext_t *scrContext, PipElement *pipElem, int offset)"
0x14048DE40,PIP_SetVisionSetPain,,0x142052920,medium,5.099,5.099,2 shared string literals (jaccard 1.00); 1 shared matched global; struct_sim=0.80,"void __usercall(scrContext_t *scrContext@<rcx>, PipElement *pipElem@<rdx>, int offset@<r8d>, __int128 _XMM6@<xmm6>)"
0x1410C4EA0,_anonymous_namespace_::unregisteredCacheCreator,,0x142F70C50,medium,5.096,5.096,2 shared string literals (jaccard 1.00); 1 shared rare constant; struct_sim=0.86,"hknpCollisionCache *__fastcall(const hknpCreateCollisionCacheInput *input, hknpCollisionCacheWriter *cacheWriter)"
0x141356F70,hkgpMesh::fillHoles,,0x14392F4F0,medium,5.091,0.664,1 shared string literal; 6 shared rare constants; struct_sim=0.91,"void __usercall(hkgpMesh *this@<rcx>, const hkgpMesh::HoleFillingConfig *config@<rdx>, __int128 _XMM3@<xmm3>, __int128 _XMM6@<xmm6>, __int128 _XMM7@<xmm7>, __int128 _XMM8@<xmm8>, __int128 _XMM9@<xmm9>, __int128 _XMM10@<xmm10>, __int128 _XMM11@<xmm11>, __int128 _XMM12@<xmm12>, __int128 _XMM13@<xmm13>, __int128 _XMM14@<xmm14>, __int128 _XMM15@<xmm15>, __m256i _YMM0@<ymm0>)"
0x14119FC50,fnt_face_get_dll_font,,0x1430DBE30,medium,5.088,5.088,callee set overlaps: 2/2 mapped callees (jaccard 1.00); 1 shared rare constant; struct_sim=0.99,"__int64 __fastcall(FNT_FaceRec_ *face, int face_index)"
0x1410F2FB0,hknpPrepareSolverTask::BuildTaskGraphHelper::buildTaskGraphDependencies,,0x14303A1B0,medium,5.086,5.086,2 shared string literals (jaccard 1.00); 1 shared rare constant; struct_sim=0.86,"void __fastcall(hknpPrepareSolverTask::BuildTaskGraphHelper *this, hknpSimulationContext *simulationContext, hknpSimulationThreadContext *threadContext, hknpSolverData *solverData, const hknpGrid<hknpIdxRange> *motionGrid, hknpPrepareSolverTask *prepareSolverTask, hkTaskGraph *taskGraphOut, hkHandle<unsigned short,65535,hkTaskGraph::TaskIdDiscriminant> predecessorId, hkHandle<unsigned short,65535,hkTaskGraph::TaskIdDiscriminant> successorId)"
0x1411A7BB0,ps_mask_table_merge,,0x1430E5B80,medium,5.081,5.081,callee set overlaps: 2/2 mapped callees (jaccard 1.00); 1 shared rare constant; struct_sim=0.99,"__int64 __fastcall(PS_Mask_TableRec_ *table, int index1, int index2, FT_MemoryRec_ *memory)"
0x141101260,hknpCollisionCacheStatsViewer::step,,0x143001FE0,medium,5.073,5.073,1 shared string literal; 4 shared rare constants; struct_sim=0.85,"void __usercall(hknpCollisionCacheStatsViewer *this@<rcx>, __int128 deltaTime@<xmm1>, __int128 _XMM6@<xmm6>, __int128 _XMM7@<xmm7>)"
0x1411A0F20,pcf_get_bitmaps,,0x1430DD590,medium,5.068,1.66,callee set overlaps: 2/2 mapped callees (jaccard 1.00); 1 shared rare constant; struct_sim=0.98,"int __fastcall(FT_StreamRec_ *stream, PCF_FaceRec_ *face)"
0x140F88260,hkcdConvexCellsTree3D::splitCell,,0x1439DEB20,medium,5.039,1.481,9 shared rare constants; struct_sim=0.96,"__int64 __usercall@<rax>(hkcdConvexCellsTree3D *this@<rcx>, hkHandle<unsigned int,4294967295,hkcdNewCellsCollection::CellIdDiscriminant> cellId@<edx>, hkHandle<unsigned int,268435455,hkcdPlanarGeometryPrimitives::PlaneIdDiscriminant> splitPlaneId@<r8d>, const hkcdPlanarGeometryPolygonCollection::Material *splitMaterial@<r9>, __int128 _XMM6@<xmm6>, __int128 _XMM7@<xmm7>, __int128 _XMM8@<xmm8>, __int128 _XMM9@<xmm9>, __int128 _XMM10@<xmm10>, __m256i _YMM2@<ymm2>, __m256i _YMM3@<ymm3>, hkHandle<unsigned int,4294967295,hkcdNewCellsCollection::CellIdDiscriminant> *insideCellIdOut, hkHandle<unsigned int,4294967295,hkcdNewCellsCollection::CellIdDiscriminant> *outsideCellIdOut, bool repaintOnlyInvalidMat)"
0x1404F01E0,LUI_RegisterSubscriptionsHolderMethods,,0x14261B170,medium,5.014,1.756,2 shared string literals (jaccard 1.00); 1 shared rare constant; struct_sim=0.81,void __fastcall(lua_State *luaVM)
0x140DDC9A0,R_AllocDObjSurfsSubdivSkinnedCacheVerts,,0x14222E810,medium,5.001,1.756,1 mapped callee(s) in common; 4 shared rare constants; struct_sim=0.73,"bool __usercall@<al>(char *surfBuf@<rcx>, char *surfBufEnd@<rdx>, unsigned int totalSurfaceCount@<r8d>, unsigned int cacheSize@<r9d>, __int128 *__struct_ptr _XMM0@<xmm0>, __int128 *__struct_ptr _XMM6@<xmm6>, GfxMotionBlurSurfBuildInfo *mbBuildInfo, GfxViewDomain viewDomain)"
0x14B64A1FF,bdGetHostByNameConfig::sanityCheckConfig,,0x143722AE0,medium,4.993,4.993,3 shared string literals (jaccard 0.60); struct_sim=0.53,void __fastcall(bdGetHostByNameConfig *this)
0x1406C42B0,LUI_CoD_FormatDuration,,0x14259B200,medium,4.989,4.989,3 shared rare constants; struct_sim=0.70,"void __fastcall(const unsigned int durationInMS, unsigned __int64 bufferSize, char *const outBuffer, bool useLocalizedFormat, int showDecimalsAtTime, LUICountdownCustomFormatType customFormatType, const char *customFormat)"
0x14BA2B514,bdNATTypeDiscoveryClient::getNATType,,0x143753850,medium,4.988,2.85,3 shared string literals (jaccard 0.60); struct_sim=0.53,__int64 __fastcall(bdNATTypeDiscoveryClient *this)
0x1413AB4A0,hkVisualDebugger::createRequiredAndDefaultProcessList,,0x142C28BE0,medium,4.982,4.982,1 shared string literal; 1 shared matched global; 2 shared rare constants; struct_sim=0.99,"void __usercall(hkVisualDebugger *this@<rcx>, hkVisualDebuggerClient *vdbClient@<rdx>, hkStringBuf *viewerNames@<r8>, __int128 _XMM0@<xmm0>)"
0x140ACAD80,AI_BuildSearchArea,,0x1411BFE90,medium,4.975,1.543,1 shared string literal; 1 mapped callee(s) in common; 1 shared matched global; 2 shared rare constants; struct_sim=0.49,"void __usercall(ai_search_t *search@<rcx>, const vec3_t *targetDirection@<rdx>, __int128 targetVelocity@<xmm2>, int time@<r9d>, __int128 _XMM6@<xmm6>, __int128 _XMM7@<xmm7>, __int128 _XMM8@<xmm8>, __int128 _XMM9@<xmm9>, __int128 _XMM10@<xmm10>, __int128 _XMM11@<xmm11>, __int128 _XMM12@<xmm12>, __int128 _XMM13@<xmm13>, __int128 _XMM14@<xmm14>, __int128 _XMM15@<xmm15>, ai_common_t *aiCommon, bool ignoreNodesBehind, ai_search_type_t mode)"
0x140B80870,DCache_TOC_CondenseTOC,,0x14139E530,medium,4.975,2.406,1 shared string literal; 1 mapped callee(s) in common; 2 shared rare constants; struct_sim=0.63,bool __fastcall(dcacheTOC_t *toc)
0x141411210,bdPlatformStreamSocket::receive,,0x14372F4D0,medium,4.968,1.304,1 shared string literal; 6 shared rare constants; struct_sim=0.82,"__int64 __fastcall(const int handle, void *const data, const unsigned int size)"
0x14B81E8F9,bdByteBuffer::writeNAN,,0x143590700,medium,4.954,2.857,3 shared string literals (jaccard 0.60); struct_sim=0.50,bool __fastcall(bdByteBuffer *this)
0x14BE5365A,bdByteBuffer::writeNoType,,0x143590810,medium,4.954,2.788,3 shared string literals (jaccard 0.60); struct_sim=0.50,bool __fastcall(bdByteBuffer *this)
0x1413AB0F0,hkVisualDebugger::removeDefaultProcess,,0x142C29DE0,medium,4.953,1.832,2 shared string literals (jaccard 0.40); 2 shared rare constants; struct_sim=0.90,"void __fastcall(hkVisualDebugger *this, const char *processName)"
0x14BCD6662,?8bdAddrHandleRefWrapper,,0x143A93160,medium,4.947,4.947,3 shared string literals (jaccard 0.60); struct_sim=0.50,"bool __fastcall(bdAddrHandleRefWrapper *this, const bdAddrHandleRefWrapper *other)"
0x14BEE707C,bdJSONSerializer::checkObject,,0x143575F90,medium,4.945,2.908,3 shared string literals (jaccard 0.60); struct_sim=0.50,char __fastcall(bdJSONSerializer *this)
0x14B81646E,bdUPnPDevice::init,,0x143728020,medium,4.921,2.776,3 shared string literals (jaccard 0.60); struct_sim=0.48,"bool __fastcall(bdUPnPDevice *this, const bdUPnPConfig config, bdArray<bdSockAddr> *localAddrs, const bdAddr deviceAddress, const char *const fetchLocation, const unsigned int fetchLocationLength, const unsigned __int16 port)"
0x140BFD4F7,bdQoSProbe::probe,,0x143736DA0,medium,4.914,2.367,3 shared string literals (jaccard 0.60); struct_sim=0.48,"_BOOL8 __fastcall(bdQoSProbe *this, bdReference<bdCommonAddr> addr, const bdSecurityID *id, const bdSecurityKey *key, bdQoSProbeListener *listener, unsigned int numProbes)"
0x14136E720,hkgpConvexHullImpl::flushPending,,0x14391EAE0,medium,4.913,4.913,1 shared string literal; 5 shared rare constants; struct_sim=0.92,"bool __usercall@<al>(hkgpConvexHullImpl *this@<rcx>, __int128 _XMM3@<xmm3>, __int128 _XMM6@<xmm6>, __int128 _XMM7@<xmm7>, __int128 _XMM8@<xmm8>, __int128 _XMM9@<xmm9>)"
0x140F7E6F0,hkcdPlanarSolid::buildTree,,0x1439C6DC0,medium,4.913,0.429,1 mapped callee(s) in common; 6 shared rare constants; struct_sim=0.90,"void __fastcall(hkcdPlanarSolid *this, hkcdPlanarGeometry *polySoup, hkPseudoRandomGenerator *rng, hkArray<hkHandle<unsigned int,268435455,hkcdPlanarGeometryPrimitives::PlaneIdDiscriminant>,hkContainerHeapAllocator> *srcPlaneIds, const hkArray<hkHandle<unsigned int,0,hkcdPlanarGeometryPolygonCollection::PolygonIdDiscriminant>,hkContainerHeapAllocator> *srcPolygonIds, bool useBoundaryPlanes)"
0x140B52500,SetHUDWarningOmnvars,,0x141324900,medium,4.907,4.907,2 shared string literals (jaccard 0.67); 1 shared rare constant; struct_sim=0.96,"void __fastcall(scrContext_t *scrContext, const int warningIndex, const bool showWarning)"
0x141413220,_anonymous_namespace_::writeModuleInfo,,0x142B24860,medium,4.9,4.9,2 shared string literals (jaccard 1.00); struct_sim=1.00,"void __fastcall(const char *text, void *stream)"
0x14BF55A2E,bdAddressMap::addrToCommonAddr,,0x143752120,medium,4.9,2.667,3 shared string literals (jaccard 0.50); struct_sim=0.53,"char __fastcall(bdAddressMap *this, const bdReference<bdAddrHandle> *addrHandle, bdReference<bdCommonAddr> *ca, bdSecurityID *id)"
0x140CBB4B0,SEH_LocalizeTextMessage,,0x1417DD800,medium,4.895,2.323,1 shared string literal; 1 mapped callee(s) in common; 3 shared rare constants; struct_sim=0.83,"char *__fastcall(const char *pszInputBuffer, const char *pszMessageType, msgLocErrType_t errType)"
0x140524DC0,OnlineMatchmakerOmniscient::ResetLobby,,0x140E0BC20,medium,4.89,2.58,2 shared string literals (jaccard 1.00); struct_sim=0.99,void __fastcall(OnlineMatchmakerOmniscient *this)
0x141408D90,bdUnicastConnection::getStatus,,0x143A80FE0,medium,4.879,2.933,3 shared string literals (jaccard 0.60); struct_sim=0.45,__int64 __fastcall(bdUnicastConnection *this)
0x141359BC0,hkgpMesh::retriangulateFromPlanes,,0x14393DA40,medium,4.877,2.126,1 mapped callee(s) in common; 6 shared rare constants; struct_sim=0.87,"void __usercall(hkgpMesh *this@<rcx>, __int128 _XMM1@<xmm1>, __int128 _XMM3@<xmm3>, __int128 _XMM6@<xmm6>, __int128 _XMM7@<xmm7>, __int128 _XMM8@<xmm8>, __int128 _XMM9@<xmm9>, __int128 _XMM10@<xmm10>, __int128 _XMM11@<xmm11>, __int128 _XMM12@<xmm12>, __int128 _XMM13@<xmm13>, __int128 _XMM14@<xmm14>, __int128 _XMM15@<xmm15>)"
0x14BB328F2,bdLobbyConnection::extract210ExpectedServerError,,0x143A72710,medium,4.868,2.919,3 shared string literals (jaccard 0.60); struct_sim=0.45,"bool __fastcall(bdLobbyConnection *this, const char *const readPtr, const unsigned int readOffset, const unsigned int validBytes, unsigned int *returnErrorReason)"
0x14119AF70,pfr_slot_load,,0x1430D5D20,medium,4.852,3.094,callee set overlaps: 2/2 mapped callees (jaccard 1.00); 2 shared rare constants; struct_sim=0.97,"int __fastcall(FT_GlyphSlotRec_ *pfrslot, FT_SizeRec_ *pfrsize, unsigned int gindex, int load_flags)"
0x140108DF0,GameBattles_GetCurrentMatchRecipeName,,0x140B8E4B0,medium,4.85,0.523,2 shared string literals (jaccard 1.00); 1 shared rare constant; struct_sim=0.70,"bool __fastcall(const int controllerIndex, char *outRecipeName, const unsigned int outLength)"
0x140766760,CG_ParseClientEffectMapping,,0x141BF9740,medium,4.844,4.844,2 shared string literals (jaccard 0.67); struct_sim=0.78,"void __fastcall(const char *buffer, EffectDefMap *effectDefMap, int *effectDefMapEntries)"
0x14BCF799B,bdStructBufferTask::setRequest,,0x1436B8E90,medium,4.841,4.841,3 shared string literals (jaccard 0.60); struct_sim=0.43,"_BOOL8 __fastcall(bdStructBufferTask *this, const char serviceID, const char taskID, const bdStructBufferSerializable *request)"
0x14C0FD2E3,bdUnicastConnection::sendShutdown,,0x143A84510,medium,4.84,2.741,3 shared string literals (jaccard 0.60); struct_sim=0.43,char __fastcall(bdUnicastConnection *this)
0x141187CD0,tt_check_trickyness_sfnt_ids,,0x1430BE1B0,medium,4.83,4.83,1 mapped callee(s) in common; 3 shared rare constants; struct_sim=0.89,char __fastcall(TT_FaceRec_ *face)
0x1410FF540,hknpVehicleViewer::step,,0x142FFC170,medium,4.826,2.691,1 shared string literal; 3 shared rare constants; struct_sim=0.95,"void __usercall(hknpVehicleViewer *this@<rcx>, float deltaTime@<xmm1>, __int128 _XMM6@<xmm6>, __int128 _XMM7@<xmm7>, __int128 _XMM8@<xmm8>, __int128 _XMM9@<xmm9>, __int128 _XMM10@<xmm10>, __int128 _XMM11@<xmm11>)"
0x1412598FD,bdTeams::searchTeamsV2,,0x14362B4D0,medium,4.826,4.826,3 shared string literals (jaccard 0.60); struct_sim=0.42,"bdReference<bdRemoteTask> *__fastcall(bdTeams *this, bdReference<bdRemoteTask> *result, bdTeamInfoV2 *teamInfos, const bdUserAccountID searchingUserID, const unsigned int numOtherUsers, const unsigned int numProfileFilters, const unsigned int numTeamsFilter, const unsigned __int64 *otherUsers, const bdTeamSearchFilter *publicProfileFilter, const bdTeamSearchFilter *teamsFilter, const unsigned int offset, const unsigned int maxResults, const char *const orderByColumn, const char *const sortOrder, const bool getCurrentTeams)"
0x141341CC0,hkgpConvexHull::getMajorPlanes,,0x143902AE0,medium,4.825,0.55,2 shared string literals (jaccard 0.50); 2 shared rare constants; struct_sim=0.75,"void __usercall(hkgpConvexHull *this@<rcx>, hkVector4f *planes@<rdx>, __int128 _XMM6@<xmm6>, __int128 _XMM7@<xmm7>, __int128 _XMM8@<xmm8>, __int128 _XMM9@<xmm9>)"
0x140E7D4C0,BG_MatchRulesHistory_WriteToDisk,,0x1402CACB0,medium,4.818,1.421,callee set overlaps: 3/4 mapped callees (jaccard 0.50); 1 shared matched global; 1 shared rare constant; struct_sim=0.55,"bool __fastcall(MatchRules *matchRules, int controllerIndex, MatchRulesSaveLocation saveLoc, int slotIndex)"
0x1410FDE50,hknpWorldSnapshotViewer::registerViewer,,0x142FF8E30,medium,4.818,4.818,2 shared string literals (jaccard 1.00); struct_sim=0.95,void __fastcall(hkProcessFactory *factory)
0x140F65E80,hkcdPlanarGeometry::split,,0x1439C0FE0,medium,4.818,1.89,9 shared rare constants; struct_sim=0.81,"void __usercall(hkcdPlanarGeometry *this@<rcx>, hkHandle<unsigned int,0,hkcdPlanarGeometryPolygonCollection::PolygonIdDiscriminant> polygonId@<edx>, hkHandle<unsigned int,268435455,hkcdPlanarGeometryPrimitives::PlaneIdDiscriminant> h@<r8d>, hkHandle<unsigned int,0,hkcdPlanarGeometryPolygonCollection::PolygonIdDiscriminant> *insidePolyId@<r9>, __int128 _XMM6@<xmm6>, __int128 _XMM7@<xmm7>, __int128 _XMM8@<xmm8>, __int128 _XMM9@<xmm9>, __int128 _XMM10@<xmm10>, __m256i _YMM2@<ymm2>, __m256i _YMM3@<ymm3>, hkHandle<unsigned int,0,hkcdPlanarGeometryPolygonCollection::PolygonIdDiscriminant> *outsidePolyId)"
0x140F15E30,_printStackTrace,,0x142BAF810,medium,4.799,4.799,1 shared string literal; 3 shared rare constants; struct_sim=0.93,"void __fastcall(const char *text, void *context)"
0x140B7F440,DCache_IO_ReadBlock,,0x14139AF30,medium,4.796,2.438,callee set overlaps: 2/2 mapped callees (jaccard 1.00); 1 shared matched global; 1 shared rare constant; struct_sim=0.86,"__int64 __fastcall(dcacheType_t cacheType, int blockIndex, char *outBuffer, DCacheChecksumConfig checksumState)"
0x1409C34D0,SetProfileDDLTypeDefaults,,0x141A71A80,medium,4.775,2.204,2 shared string literals (jaccard 0.67); 1 shared rare constant; struct_sim=0.87,"void __usercall(const int controllerIndex@<ecx>, ProfileDDLTypes ddlType@<edx>, const bool forceReset@<r8b>, __int128 *__struct_ptr _XMM0@<xmm0>)"
0x1400C5DC0,R_InitMDAO,,0x1420D2B30,medium,4.771,4.771,2 shared string literals (jaccard 1.00); struct_sim=0.91,void(void)
0x14C175D17,bdExtendedAuthInfo::serialize,,0x1435E2F50,medium,4.762,2.836,3 shared string literals (jaccard 0.50); struct_sim=0.44,"bool __fastcall(bdExtendedAuthInfo *this, bdByteBuffer *buffer)"
0x140FA55E0,hkSkinnedMeshShape::dbgOut,,0x142DF69F0,medium,4.756,4.756,2 shared rare constants; struct_sim=0.93,"void __usercall(hkSkinnedMeshShape *this@<rcx>, __int128 _XMM0@<xmm0>)"
0x14BE5536D,bdQoSReplyPacket::setData,,0x143759E00,medium,4.745,2.511,3 shared string literals (jaccard 0.50); struct_sim=0.43,"char __fastcall(bdQoSReplyPacket *this, const char *data, unsigned int dataSize)"
0x140514870,Online_CachedContentStreamer::TryStartCurrentDownload,,0x140DF3B20,medium,4.731,0.989,1 shared string literal; callee set overlaps: 2/4 mapped callees (jaccard 0.50); 1 shared rare constant; struct_sim=0.59,char __fastcall(Online_CachedContentStreamer *this)
0x14BC42BB0,bdLobbyService::handlePrivateProfileUpdate,,0x143607BF0,medium,4.719,1.287,2 shared string literals (jaccard 0.67); 1 shared rare constant; struct_sim=0.84,"_BOOL8 __fastcall(bdLobbyService *this, bdReference<bdByteBuffer> message)"
0x1413D1690,hknpHybridBroadPhase::checkConsistency,,0x142F04680,medium,4.706,4.706,1 shared string literal; 3 shared rare constants; struct_sim=0.87,void __fastcall(hknpHybridBroadPhase *this)
0x141395160,hkTaskGraph::printDgml,,0x142B18AC0,medium,4.701,2.637,2 shared rare constants; struct_sim=0.95,"void __usercall(hkTaskGraph *this@<rcx>, hkOstream *outStream@<rdx>, __int128 _XMM0@<xmm0>, __int128 _XMM1@<xmm1>, __int128 _XMM6@<xmm6>, __int128 _XMM7@<xmm7>)"
0x1400D6BE0,LUI_LuaCall_LUIElement_SetupScopeReticleParallaxer_impl,,0x1425FC200,medium,4.7,4.7,2 shared string literals (jaccard 0.67); 1 shared rare constant; struct_sim=0.82,"__int64 __usercall@<rax>(lua_State *const luaVM@<rcx>, __int128 *__struct_ptr _XMM0@<xmm0>)"
0x1411893B0,tt_size_ready_bytecode,,0x1430BFD80,medium,4.674,4.674,callee set overlaps: 2/2 mapped callees (jaccard 1.00); struct_sim=0.98,"__int64 __fastcall(TT_SizeRec_ *size, char pedantic)"
0x14107C280,hknpWorld::generateCollideTasks,,0x142E91DE0,medium,4.672,4.672,2 shared string literals (jaccard 1.00); struct_sim=0.85,"void __fastcall(hknpWorld *this, const hknpStepInput *stepInput, hknpTaskGraph *taskGraph)"
0x140DD30C0,R_SetBoxMeshData,,0x1422E9390,medium,4.656,1.947,9 shared rare constants; struct_sim=0.70,"void __usercall(GfxMeshData *mesh@<rcx>, __int128 x@<xmm1>, __int128 y@<xmm2>, __int128 z@<xmm3>, __int128 _XMM6@<xmm6>, __int128 _XMM7@<xmm7>, __int128 _XMM8@<xmm8>, __int128 _XMM10@<xmm10>, __int128 _XMM11@<xmm11>, __int128 _XMM12@<xmm12>, __int128 _XMM13@<xmm13>, __int128 _XMM14@<xmm14>, __int128 _XMM15@<xmm15>, float w, float h, float d, float s0, float t0, float s1, float t1, unsigned int color)"
0x1411916A0,cf2_doFlex,,0x1430CA010,medium,4.64,4.64,callee set overlaps: 2/2 mapped callees (jaccard 1.00); struct_sim=0.96,"void __fastcall(CF2_StackRec_ *opStack, int *curX, int *curY, CF2_GlyphPathRec_ *glyphPath, const char *readFromStack, char doConditionalLastRead)"
0x140C5FA20,Bot_ResetBotInfo,,0x141604CF0,medium,4.638,0.405,1 mapped callee(s) in common; 5 shared rare constants; struct_sim=0.63,"void __usercall(bot_data_t *botData@<rcx>, gentity_s *entity@<rdx>, __int128 *@<xmm0>, __int128 _XMM1@<xmm1>, __int128 *@<xmm6>)"
0x140F90FC0,hkcdConvexCellsTree3D::createPolygonFromFace,,0x1439DAEC0,medium,4.636,0.598,8 shared rare constants; struct_sim=0.96,"hkHandle<unsigned int,0,hkcdPlanarGeometryPolygonCollection::PolygonIdDiscriminant> *__fastcall(hkcdConvexCellsTree3D *this, hkHandle<unsigned int,0,hkcdPlanarGeometryPolygonCollection::PolygonIdDiscriminant> *result, hkHandle<unsigned int,4294967295,hkcdNewCellsCollection::CellIdDiscriminant> cellId, unsigned int faceId, hkcdPlanarGeometry *workingGeom)"
0x1413D43F0,hknpHybridBroadPhase::queryPoint,,0x142F0A7A0,medium,4.618,0.599,1 shared string literal; 5 shared rare constants; struct_sim=0.72,"void __usercall(hknpHybridBroadPhase *this@<rcx>, const hknpPointQuery *query@<rdx>, const hknpCollisionQueryDispatcher *dispatcher@<r8>, hknpCollisionQueryCollector *collector@<r9>, __int128 _XMM6@<xmm6>, __int128 _XMM7@<xmm7>, __int128 _XMM8@<xmm8>, __int128 _XMM9@<xmm9>, __int128 _XMM10@<xmm10>, __int128 _XMM11@<xmm11>, __int128 _XMM12@<xmm12>, __int128 _XMM13@<xmm13>)"
0x14BB1116B,bdUPnPDevice::prepareCreatePortMappingRequest,,0x143728E60,medium,4.605,4.605,2 shared string literals (jaccard 1.00); struct_sim=0.80,void __fastcall(bdUPnPDevice *this)
0x14040C930,Scr_Target_DrawSquare,,0x140CED450,medium,4.6,1.996,2 shared string literals (jaccard 0.50); 1 shared rare constant; struct_sim=0.87,"void __usercall(scrContext_t *scrContext@<rcx>, __int128 _XMM0@<xmm0>)"
0x140E59A40,R_GetDeviceRemovedErrorString,,0x1420C44F0,medium,4.598,1.462,1 shared string literal; 6 shared rare constants; struct_sim=0.62,"void __fastcall(char *outErrText, unsigned __int64 errTextBuffCount, unsigned int inErrCode)"
0x1405FCDC0,LUIElement_Layout,,0x142429FF0,medium,4.588,1.183,1 shared string literal; 1 mapped callee(s) in common; 2 shared rare constants; struct_sim=0.78,"void __usercall(const LocalClientNum_t localClientNum@<ecx>, LUIElement *element@<rdx>, __int128 unitScale@<xmm2>, int deltaTime@<r9d>, __int64@<r8>, __int128 _XMM0@<xmm0>, __int128 _XMM1@<xmm1>, __int128 _XMM6@<xmm6>, lua_State *luaVM)"
0x140B7F6D0,DCache_IO_ReadFromCacheByOffset,,0x14139B800,medium,4.58,1.819,9 shared rare constants; struct_sim=0.65,"bool __fastcall(dcacheType_t cacheType, unsigned __int64 fileID, dcacheLocation_t location, int startOffset, int endOffset, char *buffer, int *numBytesRead, bool validateChecksum)"
0x14049C380,ScrCmd_LerpFOV,,0x142085540,medium,4.56,1.5,2 shared string literals (jaccard 0.50); 1 shared matched global; struct_sim=0.77,"void __usercall(scrContext_t *scrContext@<rcx>, scr_entref_t entref@<rdx>, __int128 _XMM0@<xmm0>, __int128 _XMM2@<xmm2>, __int128 _XMM6@<xmm6>)"
0x1412858E0,bdPlatformSocket::receiveFrom,,0x14372D860,medium,4.56,2.215,1 shared string literal; 5 shared rare constants; struct_sim=0.82,"__int64 __fastcall(const int handle, bdSockAddr *addr, void *data, const unsigned int size)"
0x1405FED20,LUI_AddMenu,,0x14242AC20,medium,4.551,1.481,2 shared string literals (jaccard 1.00); struct_sim=0.77,"void __fastcall(int controllerIndex, const char *menuName, lua_State *luaVM)"
0x141186870,compute_glyph_metrics,,0x1430BC8A0,medium,4.55,3.404,1 mapped callee(s) in common; 2 shared rare constants; struct_sim=0.97,"__int64 __fastcall(TT_LoaderRec_ *loader, unsigned int glyph_index)"
0x1410B5A90,hknpVehicleInstance::stepVehicleUsingWheelCollideOutput,,0x142FB60B0,medium,4.538,4.538,1 shared string literal; 3 shared rare constants; struct_sim=0.76,"void __usercall(hknpVehicleInstance *this@<rcx>, __int128 deltaTime@<xmm1>, const hknpVehicleWheelCollide::CollisionDetectionWheelOutput *cdInfo@<r8>, hknpVehicleInstance::StepResults *vehicleResults@<r9>, __int128 _XMM6@<xmm6>)"
0x140CCAA60,PlayList_StartLobby,,0x142787E60,medium,4.532,1.262,2 shared string literals (jaccard 0.67); 1 shared matched global; struct_sim=0.64,void __fastcall(const int localcontrollerIndex)
0x1410F5930,hknpWeldingTriangleViewer::processManifoldStream,,0x142FED170,medium,4.528,2.981,1 shared string literal; 3 shared rare constants; struct_sim=0.75,"void __usercall(hknpWeldingTriangleViewer *this@<rcx>, const hknpWorld *world@<rdx>, hkTypedBlockStream<hknpManifoldViewerBase::VdbManifoldWithId>::Reader *reader@<r8>, __int128 _XMM6@<xmm6>, __int128 _XMM7@<xmm7>, __int128 _XMM8@<xmm8>, __int128 _XMM9@<xmm9>, __int128 _XMM10@<xmm10>, __int128 _XMM11@<xmm11>, __int128 _XMM12@<xmm12>, __int128 _XMM13@<xmm13>, __int128 _XMM14@<xmm14>, __int128 _XMM15@<xmm15>)"
0x141335420,hkGeometryProcessing::generateClusters,,0x14390DEC0,medium,4.527,1.328,8 shared rare constants; struct_sim=0.88,"void __usercall(const hkAabb *aabbs@<rcx>, int numAabbs@<edx>, int maxClusters@<r8d>, hkArray<int,hkContainerHeapAllocator> *clusterRoots@<r9>, __int128 _XMM6@<xmm6>, __int128 _XMM7@<xmm7>, __int128 _XMM8@<xmm8>, __int128 _XMM9@<xmm9>, __int128 _XMM10@<xmm10>, __int128 _XMM11@<xmm11>, hkArray<int,hkContainerHeapAllocator> *clusterNexts)"
0x141362E00,UhkContainerHeapAllocator::hkgpTriangulatorType::flushConform,,0x143933680,medium,4.525,4.525,1 shared string literal; 4 shared rare constants; struct_sim=0.93,"void __fastcall(hkgpTriangulatorType<hkContainerHeapAllocator,hkgpTriangulatorBase::VertexBase,hkgpTriangulatorBase::TriangleBase,hkgpTriangulatorBase::DefaultEdgeData<hkContainerHeapAllocator>,hkgpTriangulatorBase::SparseEdgeDataPolicy<hkgpTriangulatorBase::DefaultEdgeData<hkContainerHeapAllocator>,hkContainerHeapAllocator>,-1,4,15,0> *this)"
0x141016010,UhkcdDefaultStaticMeshTree::buildStep12,,0x142E269E0,medium,4.525,1.318,8 shared rare constants; struct_sim=0.88,"__int64 __usercall@<rax>(const hkcdStaticMeshTree::BuildConfig *config@<rcx>, hkcdStaticMeshTree::GeometryProvider *provider@<rdx>, hkcdStaticMeshTree::BuildMappings *mapping@<r8>, hkArrayBase<hkBool> *isVertexOnBorder@<r9>, __int128 _XMM0@<xmm0>, __int128 _XMM6@<xmm6>, __int128 _XMM7@<xmm7>, __int128 _XMM8@<xmm8>, __int128 _XMM9@<xmm9>, __int128 _XMM10@<xmm10>, __int128 _XMM11@<xmm11>, __int128 _XMM12@<xmm12>, __int128 _XMM13@<xmm13>, __int128 _XMM14@<xmm14>, hkArray<hkcdStaticMeshTree::BuildStepUtils::Quad,hkContainerHeapAllocator> *quads, hkArray<hkcdStaticMeshTree::BuildStepUtils::SubTree,hkContainerHeapAllocator> *roots, hkcdStaticMeshTree::BuildStepUtils::DynamicTree *masterTree)"
0x140EABE30,bfx::init_user_mstate,,0x142A08150,medium,4.52,4.52,1 mapped callee(s) in common; caller set overlaps: 2/2 mapped callers (jaccard 1.00); 1 shared rare constant; struct_sim=0.81,"malloc_state *__fastcall(char *tbase, unsigned __int64 tsize, malloc_params *mallocParams)"
0x140B3B510,Bot_ClearButton,,0x1415E06E0,medium,4.516,1.23,9 shared rare constants; struct_sim=0.61,"void __fastcall(bot_data_t *botData, bot_scr_buttons_t button)"
0x140E69440,R_Distortion_GetEffectType,,0x1423D1E30,medium,4.51,4.51,2 shared string literals (jaccard 1.00); struct_sim=0.74,"__int64 __usercall@<rax>(const GfxViewInfo *viewInfo@<rcx>, __int128 _XMM0@<xmm0>)"
0x141091580,hknpShapeUtil::getSignedDistanceContactsImpl,,0x142EDBE90,medium,4.51,4.51,1 shared string literal; 4 shared rare constants; struct_sim=0.92,"void __usercall(const hknpShape *sdfShape@<rcx>, hknpShape::GetSignedDistanceInput *sdfInput@<rdx>, hknpShape::SdfContactPointOutput *contactPointsOut@<r8>, signed __int64@<rax>, __int128 _XMM6@<xmm6>, __int128 _XMM7@<xmm7>, __int128 _XMM8@<xmm8>, __int128 _XMM9@<xmm9>)"
0x140F80DC0,hkcdPlanarSolid::buildTree2D,,0x1439C5C60,medium,4.506,1.197,1 mapped callee(s) in common; 5 shared rare constants; struct_sim=0.89,"void __fastcall(hkcdPlanarSolid *this, hkcdPlanarGeometry *polySoup, hkPseudoRandomGenerator *rng, hkArray<hkHandle<unsigned int,268435455,hkcdPlanarGeometryPrimitives::PlaneIdDiscriminant>,hkContainerHeapAllocator> *srcPlaneIds, const hkArray<hkHandle<unsigned int,0,hkcdPlanarGeometryPolygonCollection::PolygonIdDiscriminant>,hkContainerHeapAllocator> *srcPolygonIds)"
0x14107F840,hknpWorld::deleteAllCaches,,0x142E8EBE0,medium,4.499,0.281,1 mapped callee(s) in common; 4 shared rare constants; struct_sim=0.80,void __fastcall(hknpWorld *this)
0x1405FEDD0,LUI_BeginCachedEvent,,0x14242AC90,medium,4.486,0.272,2 shared string literals (jaccard 0.40); 1 shared rare constant; struct_sim=0.86,"bool __fastcall(LocalClientNum_t localClient, LUIEventCache cachedEvent, lua_State *luaVM)"
0x140B3ACD0,ScrCmd_SetEntitySoundContext,,0x1412EA100,medium,4.486,4.486,2 shared string literals (jaccard 0.67); struct_sim=0.95,"void __usercall(scrContext_t *scrContext@<rcx>, scr_entref_t entref@<rdx>, __int128 _XMM0@<xmm0>)"
0x1410C9210,hknpBodyQualityLibrary::initialize,,0x142F71780,medium,4.483,2.814,9 shared rare constants; struct_sim=0.59,"void __fastcall(hknpBodyQualityLibrary *this, const hknpBodyQualityLibraryCinfo *cinfo)"
0x140516320,Online_Commerce::StartExchangeTransaction,,0x142663BB0,medium,4.477,0.626,2 shared string literals (jaccard 0.40); 1 shared rare constant; struct_sim=0.85,"void __fastcall(Online_Commerce *this, const int controllerIndex)"
0x14135B830,hkgpMesh::simplifyPlanes,,0x1439410A0,medium,4.473,0.698,1 shared string literal; 4 shared rare constants; struct_sim=0.95,"void __usercall(hkgpMesh *this@<rcx>, bool report@<dl>, __int128 _XMM6@<xmm6>, __int128 _XMM7@<xmm7>)"
0x141414270,?0hkMonitorStreamAnalyzer,,0x142B9D000,medium,4.472,4.472,1 shared string literal; 2 shared rare constants; struct_sim=0.98,"void __fastcall(hkMonitorStreamAnalyzer *this, int memorySize, int numThreads)"
0x140BFB740,AnimTreeParser_CreatePlaceholderAnimation,,0x141512220,medium,4.47,1.378,2 shared string literals (jaccard 1.00); struct_sim=0.71,"void __fastcall(scrContext_t *scrContext, unsigned int parentNode, bool looping)"
0x1411B5000,ft_smooth_render_generic,,0x1430F6310,medium,4.459,3.22,6 shared rare constants; struct_sim=0.97,"__int64 __fastcall(FT_RendererRec_ *render, FT_GlyphSlotRec_ *slot, FT_Render_Mode_ mode, const FT_Vector_ *origin, FT_Render_Mode_ required_mode)"
0x141251F20,bdLobbyService::handleNotifyLeave,,0x1436077A0,medium,4.457,0.989,2 shared string literals (jaccard 0.67); 1 shared rare constant; struct_sim=0.66,"__int64 __fastcall(bdLobbyService *this, bdReference<bdByteBuffer> message)"
0x140B80290,DCache_IO_WriteFileData,,0x14139CCD0,medium,4.454,1.7,callee set overlaps: 2/2 mapped callees (jaccard 1.00); 2 shared rare constants; struct_sim=0.70,"bool __fastcall(dcacheType_t cacheType, int fileIndex, int size, char *data)"
0x14048D8D0,PIP_SetThermalBodyMaterialName,,0x142051DE0,medium,4.45,1.774,2 shared string literals (jaccard 1.00); struct_sim=0.70,"void __fastcall(scrContext_t *scrContext, PipElement *pipElem, int offset)"
0x140B7EC40,DCache_IO_GetBlockIndexForOffset,,0x14139A890,medium,4.445,1.833,1 mapped callee(s) in common; caller set overlaps: 2/3 mapped callers (jaccard 0.67); 1 shared rare constant; struct_sim=0.76,"__int64 __fastcall(dcacheType_t cacheType, int fileIndex, int offset)"
0x141106710,hkpConstraintDataUtils::loosenConstraintLimits,,0x143086960,medium,4.443,4.443,2 shared string literals (jaccard 1.00); 1 shared rare constant; struct_sim=0.43,"__int64 __usercall@<rax>(hkpConstraintData *data@<rcx>, const hkTransformf *bodyATransform@<rdx>, const hkTransformf *bodyBTransform@<r8>, __int128 _XMM6@<xmm6>, __int128 _XMM7@<xmm7>, __int128 _XMM8@<xmm8>, __int128 _XMM9@<xmm9>, __int128 _XMM10@<xmm10>, __int128 _XMM11@<xmm11>, __int128 _XMM12@<xmm12>, __int128 _XMM13@<xmm13>)"
0x141103330,?0hkpRagdollConstraintData,,0x143088960,medium,4.437,0.453,8 shared rare constants; struct_sim=0.82,void __fastcall(hkpRagdollConstraintData *this)
0x14048D6B0,PIP_SetLook,,0x142051A40,medium,4.436,1.617,2 shared string literals (jaccard 0.67); 1 shared rare constant; struct_sim=0.65,"void __fastcall(scrContext_t *scrContext, PipElement *pipElem, int offset)"
0x14048D760,PIP_SetUp,,0x142051B70,medium,4.436,1.617,2 shared string literals (jaccard 0.67); 1 shared rare constant; struct_sim=0.65,"void __fastcall(scrContext_t *scrContext, PipElement *pipElem, int offset)"
0x14048D810,PIP_SetRight,,0x142051CA0,medium,4.436,4.436,2 shared string literals (jaccard 0.67); 1 shared rare constant; struct_sim=0.65,"void __fastcall(scrContext_t *scrContext, PipElement *pipElem, int offset)"
0x14118F3A0,cff_size_init,,0x1430C7460,medium,4.434,4.434,callee set overlaps: 2/2 mapped callees (jaccard 1.00); 1 shared rare constant; struct_sim=0.96,__int64 __fastcall(FT_SizeRec_ *cffsize)
0x140B3DC50,ScrCmd_SetGlobalSoundContext,,0x1412DEDA0,medium,4.425,0.488,2 shared string literals (jaccard 0.67); struct_sim=0.91,"void __usercall(scrContext_t *scrContext@<rcx>, __int128 _XMM0@<xmm0>)"
0x140488C30,G_MainSP_LoadNextMap,,0x142045420,medium,4.424,4.424,2 shared string literals (jaccard 0.67); struct_sim=0.91,void(void)
0x140DCCE40,R_AddAllStaticModelSurfacesDynLight,,0x1421FE3A0,medium,4.419,0.883,callee set overlaps: 2/3 mapped callees (jaccard 0.67); 2 shared rare constants; struct_sim=0.86,"void __usercall(GfxViewInfo *viewInfo@<rcx>, unsigned int sceneLightIndex@<edx>, const unsigned __int16 *smodelIndexes@<r8>, unsigned int smodelCount@<r9d>, __int128 *@<xmm0>, __int128 *@<xmm6>, __int128 *@<xmm7>, __int128 *@<xmm8>, __int128 *@<xmm9>, __int128 *@<xmm10>, __int128 *@<xmm11>, GfxDrawList *shadowDrawList, unsigned int spotShadowUpdateIndex)"
0x14B76C3FF,bdLobbyService::onDisconnect,,0x14360EFA0,medium,4.412,4.412,2 shared string literals (jaccard 0.67); 1 shared rare constant; struct_sim=0.63,"void __fastcall(bdLobbyService *this, bdReference<bdLobbyConnection> __formal)"
0x140C61B80,SV_SnapshotMP_ArchiveSnapshotEncodeWorldState,,0x1416A1870,medium,4.407,1.457,1 mapped callee(s) in common; 1 shared matched global; 3 shared rare constants; struct_sim=0.67,"void __fastcall(msg_t *msgWorldState, bool *isDeltaEncoded)"
0x1413D69A0,hknpHybridBroadPhase::updateDirtyBodies,,0x142F0F760,medium,4.402,2.281,1 shared string literal; 4 shared rare constants; struct_sim=0.85,void __fastcall(hknpHybridBroadPhase *this)
0x1412BB04C,__scrt_fastfail,,0x1438AEC90,medium,4.398,2.091,callee set overlaps: 2/2 mapped callees (jaccard 1.00); 1 shared rare constant; struct_sim=0.93,void __fastcall(unsigned int code)
0x14051D370,Online_Loot::AchievementClaimed,,0x14267BAB0,medium,4.395,1.637,2 shared string literals (jaccard 0.67); struct_sim=0.89,"void __usercall(Online_Loot *this@<rcx>, const int controllerIndex@<edx>, unsigned int numItems@<r8d>, const bdMarketplaceInventory *updates@<r9>, __int128 _XMM1@<xmm1>)"
0x141419810,drawStatistics,,0x142B9EE30,medium,4.395,1.611,6 shared rare constants; struct_sim=0.93,"void __usercall(const hkMonitorStreamFrameInfo *info@<rcx>, int frameIndex@<edx>, const hkArrayBase<hkMonitorStreamAnalyzer::Node *> *nodes@<r8>, int *texture@<r9>, __int128 *__struct_ptr _XMM1@<xmm1>, __int128 *__struct_ptr _XMM6@<xmm6>, __int128 *@<xmm7>, __int128 *@<xmm8>, __int128 *@<xmm9>, int height, hkMonitorStreamColorTable *colorTable, int pixelWidth, int maxX, float frameTime, long double absoluteFrameStartTimes, hkPointerMap<char const *,unsigned int,hkContainerHeapAllocator> *unknownColorMap)"
0x1410F4120,hknpConstraintViewer::step,,0x142FBC1A0,medium,4.394,4.394,1 shared string literal; 2 shared rare constants; struct_sim=0.93,"void __usercall(hknpConstraintViewer *this@<rcx>, __int128 deltaTime@<xmm1>, __int128 _XMM6@<xmm6>)"
0x140CD0DA0,ProcessStringDirective,,0x14278ACA0,medium,4.393,4.393,1 shared string literal; callee set overlaps: 2/4 mapped callees (jaccard 0.50); struct_sim=0.63,"void __fastcall(LocalClientNum_t localClientNum, const char *directive, char *result, unsigned __int64 resultSize, bool forceNoBacking)"
0x14060D990,LUI_LuaCall_LUIElement_getParent,,0x14243DFD0,medium,4.389,1.486,2 shared string literals (jaccard 0.40); 1 shared rare constant; struct_sim=0.79,__int64 __fastcall(lua_State *luaVM)
0x140C62180,SV_WriteCachedEntities,,0x1416A2840,medium,4.387,0.38,1 mapped callee(s) in common; 1 shared matched global; 2 shared rare constants; struct_sim=0.52,"void __fastcall(msg_t *msg, cachedSnapshotWorldState_t *cachedFrame, SnapshotInfo *snapInfo)"
0x14048D340,PIP_SetPipEnabled,,0x1420515A0,medium,4.379,1.867,2 shared string literals (jaccard 1.00); struct_sim=0.65,"void __fastcall(scrContext_t *scrContext, PipElement *pipElem, int offset)"
0x14048D380,PIP_SetPipFreeCamera,,0x142051620,medium,4.379,1.867,2 shared string literals (jaccard 1.00); struct_sim=0.65,"void __fastcall(scrContext_t *scrContext, PipElement *pipElem, int offset)"
0x14048D3C0,PIP_SetPipRenderToTexture,,0x1420516A0,medium,4.379,1.867,2 shared string literals (jaccard 1.00); struct_sim=0.65,"void __fastcall(scrContext_t *scrContext, PipElement *pipElem, int offset)"
0x14048DBC0,PIP_SetShadowMapsEnabled,,0x142052510,medium,4.379,2.576,2 shared string literals (jaccard 1.00); struct_sim=0.65,"void __fastcall(scrContext_t *scrContext, PipElement *pipElem, int offset)"
0x141253FD4,bdLobbyService::handleTeamMemberUserNameUpdated,,0x14360CCA0,medium,4.375,0.928,2 shared string literals (jaccard 0.50); 1 shared rare constant; struct_sim=0.72,"__int64 __fastcall(bdLobbyService *this, bdReference<bdByteBuffer> message)"
0x1413E6420,hknpConstraintAtomSolverSetup::ConstraintStateGroups::init,,0x143A043A0,medium,4.362,4.362,1 shared string literal; 2 shared rare constants; struct_sim=0.91,"void __fastcall(hknpConstraintAtomSolverSetup::ConstraintStateGroups *this, const hknpWorldEx *world, const hknpConstraintAtomSolverSetup::SortedConstraintStates *states, int firstIndex, int lastIndex, const hknpConstraint *constraints)"
0x140E78C90,stbi__get_marker,,0x1438502D0,medium,4.348,4.348,1 mapped callee(s) in common; caller set overlaps: 2/2 mapped callers (jaccard 1.00); struct_sim=0.97,char __fastcall(stbi__jpeg *j)
0x1410FBC10,hknpDeactivationViewer::step,,0x142FF1520,medium,4.341,4.341,1 shared string literal; 2 shared rare constants; struct_sim=0.89,"void __usercall(hknpDeactivationViewer *this@<rcx>, __int128 deltaTime@<xmm1>, __int128 _XMM6@<xmm6>, __int128 _XMM7@<xmm7>)"
0x14048D240,PIP_SetX,,0x142051360,medium,4.338,1.867,2 shared string literals (jaccard 1.00); struct_sim=0.63,"void __fastcall(scrContext_t *scrContext, PipElement *pipElem, int offset)"
0x14048D280,PIP_SetY,,0x1420513F0,medium,4.338,1.867,2 shared string literals (jaccard 1.00); struct_sim=0.63,"void __fastcall(scrContext_t *scrContext, PipElement *pipElem, int offset)"
0x14048D2C0,PIP_SetWidth,,0x142051480,medium,4.338,1.867,2 shared string literals (jaccard 1.00); struct_sim=0.63,"void __fastcall(scrContext_t *scrContext, PipElement *pipElem, int offset)"
0x14048D300,PIP_SetHeight,,0x142051510,medium,4.338,2.044,2 shared string literals (jaccard 1.00); struct_sim=0.63,"void __fastcall(scrContext_t *scrContext, PipElement *pipElem, int offset)"
0x140B8B3D0,LiveStorage_CS_RefreshPrivateData_Success,,0x1413B8600,medium,4.334,4.334,2 shared string literals (jaccard 0.67); struct_sim=0.84,"void __fastcall(int controllerIndex, contentServerPrivateData *csData)"
0x1409C7FC0,PartyClient_ParsePartyStateMsg,,0x141AD3EA0,medium,4.332,1.766,callee set overlaps: 2/2 mapped callees (jaccard 1.00); struct_sim=0.75,"void __fastcall(PartyData *party, const PartyActiveClient *mainActiveClient)"
0x1410FACA0,hknpBroadPhaseViewer::step,,0x142FEFF60,medium,4.323,2.261,1 shared string literal; 2 shared rare constants; struct_sim=0.88,"void __usercall(hknpBroadPhaseViewer *this@<rcx>, __int128 deltaTime@<xmm1>, __int128 _XMM0@<xmm0>, __int128 _XMM6@<xmm6>, __int128 _XMM7@<xmm7>, __int128 _XMM8@<xmm8>, __int128 _XMM9@<xmm9>, __int128 _XMM10@<xmm10>)"
0x14B953AE4,bdRichPresenceService::setInfo,,0x1436D1140,medium,4.316,1.598,2 shared string literals (jaccard 0.50); 1 shared rare constant; struct_sim=0.68,"bdReference<bdRemoteTask> *__fastcall(bdRichPresenceService *this, bdReference<bdRemoteTask> *result, bdRichPresenceInfo *const newPresenceInfo)"
0x1410DC5D0,?0hknpProjectileGun,,0x142FBEB40,medium,4.311,2.637,1 shared string literal; 2 shared rare constants; struct_sim=0.87,"void __fastcall(hknpProjectileGun *this, hknpWorld *npWorld)"
0x1405A4EF0,hknpVehicleInstance::updateComponents,,0x142FB6730,medium,4.304,0.505,1 shared string literal; 4 shared rare constants; struct_sim=0.67,"void __usercall(hknpVehicleInstance *this@<rcx>, __int128 deltaTime@<xmm1>, const hknpVehicleWheelCollide::CollisionDetectionWheelOutput *cdInfo@<r8>, hknpVehicleAerodynamics::AerodynamicsDragOutput *aerodynamicsDragInfo@<r9>, __int128 _XMM6@<xmm6>, hkArray<float,hkContainerHeapAllocator> *suspensionForceAtWheel, hkArray<float,hkContainerHeapAllocator> *totalLinearForceAtWheel)"
0x141101AD0,hknpSdfDetectorTimers::exportTimers,,0x1430259A0,medium,4.304,4.304,2 shared string literals (jaccard 1.00); struct_sim=0.60,"void __fastcall(hknpSdfDetectorTimers *this, hkMonitorStream *stream)"
0x1400E0B40,LUIElement_RadarTargeting_Draw,,0x1425F7CE0,medium,4.276,4.276,callee set agrees: 3/3 mapped callees (jaccard 1.00); struct_sim=0.52,"void __usercall(const LocalClientNum_t localClientNum@<ecx>, RadarTargetingOptions *options@<rdx>, LUIElement *element@<r8>, LUIElement *root@<r9>, __int128 *__struct_ptr _XMM0@<xmm0>, __int128 *__struct_ptr _XMM6@<xmm6>, __int128 *__struct_ptr _XMM7@<xmm7>, __int128 *__struct_ptr _XMM8@<xmm8>, __int128 *__struct_ptr _XMM9@<xmm9>, __int128 *__struct_ptr _XMM10@<xmm10>, __int128 *__struct_ptr _XMM11@<xmm11>, __int128 *__struct_ptr _XMM12@<xmm12>, __int128 *__struct_ptr _XMM13@<xmm13>, __int128 *__struct_ptr _XMM14@<xmm14>, __int128 *__struct_ptr _XMM15@<xmm15>, float red, float green, float blue, float alpha, lua_State *luaVM)"
0x140B3E340,GScr_SetHintOnObstruction,,0x1412E5750,medium,4.269,1.982,2 shared string literals (jaccard 0.67); struct_sim=0.80,"void __fastcall(scrContext_t *scrContext, scr_entref_t entref)"
0x140113700,CG_RagdollCallback_ExitRunning,,0x141D3F6D0,medium,4.266,1.539,callee set overlaps: 2/2 mapped callees (jaccard 1.00); 2 shared rare constants; struct_sim=0.58,"void __usercall(LocalClientNum_t localClientNum@<ecx>, int entityNum@<edx>, int ragdollHandle@<r8d>, __int128 *@<xmm6>, __int128 *@<xmm7>, __int128 *@<xmm8>)"
0x140B7FB00,DCache_IO_StreamFileData,,0x14139C170,medium,4.26,2.197,1 mapped callee(s) in common; 4 shared rare constants; struct_sim=0.64,"__int64 __fastcall(dcacheType_t cacheType, int fileIndex, int offset, int size, char *data)"
0x1412A8514,LUI_CoD_KeyEvent,,0x14244FCA0,medium,4.257,1.052,2 shared rare constants; struct_sim=0.64,"bool __usercall@<al>(LocalClientNum_t localClientNum@<ecx>, int controllerIndex@<edx>, int key@<r8d>, int binding@<r9d>, __int128 *__struct_ptr _XMM0@<xmm0>, int down, int keyCatchers, bool resetInputs)"
0x140E81620,deflate_stored,,0x1437C6C20,medium,4.223,0.634,callee set overlaps: 2/3 mapped callees (jaccard 0.67); 1 shared rare constant; struct_sim=0.99,"__int64 __fastcall(internal_state *s, int flush)"
0x14117FD90,tt_size_request,,0x1430B4780,medium,4.223,4.223,callee set overlaps: 2/3 mapped callees (jaccard 0.67); 1 shared rare constant; struct_sim=0.99,"__int64 __fastcall(FT_SizeRec_ *size, FT_Size_RequestRec_ *req)"
0x140524E50,OnlineMatchmakerOmniscient::SetLobbyState,,0x140E0D990,medium,4.221,1.306,2 shared string literals (jaccard 0.40); struct_sim=0.95,"void __fastcall(OnlineMatchmakerOmniscient *this, MatchmakerLobbyState newState)"
0x141116EA0,?0hkpRagdollLimitsData,,0x143093E00,medium,4.213,2.35,7 shared rare constants; struct_sim=0.94,void __fastcall(hkpRagdollLimitsData *this)
0x14048D400,PIP_SetOrigin,,0x142051720,medium,4.208,1.867,2 shared string literals (jaccard 1.00); struct_sim=0.54,"void __fastcall(scrContext_t *scrContext, PipElement *pipElem, int offset)"
0x14048D460,PIP_SetOriginOffset,,0x1420517D0,medium,4.208,1.867,2 shared string literals (jaccard 1.00); struct_sim=0.54,"void __fastcall(scrContext_t *scrContext, PipElement *pipElem, int offset)"
0x14048D4C0,PIP_SetAnglesOffset,,0x142051880,medium,4.208,2.133,2 shared string literals (jaccard 1.00); struct_sim=0.54,"void __fastcall(scrContext_t *scrContext, PipElement *pipElem, int offset)"
0x1400C3A60,R_GenerateSpotLightModelMain,,0x1420CCE70,medium,4.2,4.2,callee set overlaps: 2/2 mapped callees (jaccard 1.00); struct_sim=0.67,"void __usercall(const vec3_t *lightOrigin@<rcx>, const vec3_t *lightDirIn@<rdx>, __int128 *__struct_ptr cosHalfFov@<xmm2>, __int128 *__struct_ptr radius@<xmm3>, __int128 *__struct_ptr _XMM6@<xmm6>, __int128 *__struct_ptr _XMM7@<xmm7>, __int128 *__struct_ptr _XMM8@<xmm8>, __int128 *__struct_ptr _XMM9@<xmm9>, __int128 *__struct_ptr _XMM10@<xmm10>, __int128 *__struct_ptr _XMM11@<xmm11>, __int128 *__struct_ptr _XMM12@<xmm12>, __int128 *__struct_ptr _XMM13@<xmm13>, __int128 *__struct_ptr _XMM14@<xmm14>, __int128 *__struct_ptr _XMM15@<xmm15>, const vec3_t *bulbLength, const float bulbRadius, GfxLightModelInterface *model)"
0x140B09CD0,PlayerCmd_PlayLocalSound,,0x141267310,medium,4.194,1.435,2 shared string literals (jaccard 0.67); struct_sim=0.75,"void __fastcall(gentity_s *pSelf, unsigned __int16 soundIndex, bool requestSoundNotify)"
0x140B57D80,GScr_ClientAnnouncement,,0x1413393A0,medium,4.191,0.258,2 shared string literals (jaccard 0.40); 1 shared rare constant; struct_sim=0.66,void __fastcall(scrContext_t *scrContext)
0x140F9FD30,hkGeometryUtils::_weldVertices,,0x142DE8B60,medium,4.181,4.181,1 mapped callee(s) in common; 3 shared rare constants; struct_sim=0.85,"void __usercall(hkGeometry *meshGeometry@<rcx>, __int128 threshold@<xmm1>, hkBool keepVertexOrder@<r8b>, hkArray<int,hkContainerHeapAllocator> *vertexRemapOut@<r9>, __int128 _XMM6@<xmm6>, __int128 *@<xmm7>, hkArray<int,hkContainerHeapAllocator> *triangleRemapOut, hkArray<hkVector4f,hkContainerHeapAllocator> *uniqueVerts, hkArrayBase<hk1AxisSweep::AabbInt> *sweepAabbs, hkArrayBase<hkRadixSort::SortData32T<unsigned int> > *sortData, hkArrayBase<hk1AxisSweep::AabbInt> *sortedAabbs)"
0x1402E7230,CG_SnapshotSP_ResetEntity,,0x141F5EE10,medium,4.168,2.268,1 shared string literal; 4 shared rare constants; struct_sim=0.78,"void __fastcall(LocalClientNum_t localClientNum, centity_t *cent, bool inPrevSnap)"
0x140C2A080,Glass_SetInitialState,,0x1419BE300,medium,4.164,0.302,1 mapped callee(s) in common; 1 shared matched global; 3 shared rare constants; struct_sim=0.78,"void __fastcall(FxGlassSystem *glassSys, const unsigned int transientZoneIndex)"
0x1410FEF20,bdLobbyService::handleChallengesReceived,,0x143601C40,medium,4.159,4.159,2 shared string literals (jaccard 0.67); 1 shared rare constant; struct_sim=0.46,"__int64 __fastcall(bdLobbyService *this, bdReference<bdByteBuffer> message)"
0x140C04D80,Scr_AllocGameVariable,,0x141584A80,medium,4.156,1.116,callee set overlaps: 2/2 mapped callees (jaccard 1.00); 1 shared matched global; struct_sim=0.70,void __fastcall(scrContext_t *scrContext)
0x14124F9CC,bdLobbyService::handleFeatureBan,,0x143603D00,medium,4.154,0.764,2 shared string literals (jaccard 0.50); 1 shared rare constant; struct_sim=0.57,"_BOOL8 __fastcall(bdLobbyService *this, bdReference<bdByteBuffer> message)"
0x141261A4C,bdCounter::getCounterTotals,,0x143663750,medium,4.151,1.627,2 shared string literals (jaccard 0.40); 1 shared rare constant; struct_sim=0.63,"bdReference<bdRemoteTask> *__fastcall(bdCounter *this, bdReference<bdRemoteTask> *result, bdCounterValue *results, const unsigned int numCounterIDs)"
0x1413600A0,UhkContainerHeapAllocator::hkgpTriangulatorType::conformEdges,,0x14392C7A0,medium,4.148,0.474,1 shared string literal; 3 shared rare constants; struct_sim=0.94,"void __fastcall(hkgpTriangulatorType<hkContainerHeapAllocator,hkgpTriangulatorBase::VertexBase,hkgpTriangulatorBase::TriangleBase,hkgpTriangulatorBase::DefaultEdgeData<hkContainerHeapAllocator>,hkgpTriangulatorBase::SparseEdgeDataPolicy<hkgpTriangulatorBase::DefaultEdgeData<hkContainerHeapAllocator>,hkContainerHeapAllocator>,-1,4,15,0> *this)"
0x14117233B,FT_Add_Module,,0x1430A1470,medium,4.14,2.652,callee set overlaps: 2/3 mapped callees (jaccard 0.67); 1 shared rare constant; struct_sim=0.94,"__int64 __fastcall(FT_LibraryRec_ *library, const FT_Module_Class_ *clazz)"
0x140F7D950,hkcdPlanarGeometryPolygonCollection::compactStorage,,0x1439AB7C0,medium,4.137,1.374,7 shared rare constants; struct_sim=0.89,void __fastcall(hkcdPlanarGeometryPolygonCollection *this)
0x1405260C0,OnlineMatchmakerOmniscient::SetState,,0x140E0EFC0,medium,4.131,4.131,2 shared string literals (jaccard 0.50); struct_sim=0.82,"void __fastcall(OnlineMatchmakerOmniscient *this, MatchmakerOmniscientState newState)"
0x14072DF90,PM_Weapon_ShouldBeFiringOrCharging,,0x1410BD260,medium,4.13,0.99,1 mapped callee(s) in common; caller set overlaps: 2/2 mapped callers (jaccard 1.00); struct_sim=0.82,"bool __fastcall(pmove_t *pm, int delayedAction, PlayerHandIndex hand, int allowAnimReset)"
0x1410C7920,?0hknpCollisionCacheManager,,0x142F61460,medium,4.124,1.524,1 mapped callee(s) in common; 3 shared rare constants; struct_sim=0.82,"void __fastcall(hknpCollisionCacheManager *this, hkThreadLocalBlockStreamAllocator *tlAllocator, int numLinkCells)"
0x140F7F7D0,hkcdPlanarSolid::buildBVHTree,,0x1439C3BC0,medium,4.122,2.056,7 shared rare constants; struct_sim=0.88,"__int64 __usercall@<rax>(hkcdPlanarSolid *this@<rcx>, const hkTask::ExecutionContext *executionCtx@<rdx>, hkcdPlanarGeometry *polySoup@<r8>, const hkArray<hkHandle<unsigned int,0,hkcdPlanarGeometryPolygonCollection::PolygonIdDiscriminant>,hkContainerHeapAllocator> *srcPolygonIds@<r9>, __int128 *@<xmm1>, __int128 *@<xmm3>, __int128 *@<xmm6>, __int128 *@<xmm7>, __int128 *@<xmm8>, __int128 *@<xmm9>, __int128 *@<xmm10>, __int128 *@<xmm11>, int numMaxPlanesPerCell, hkcdPlanarEntityDebugger *debugger, hkArray<hkHandle<unsigned int,0,hkcdPlanarGeometryPolygonCollection::PolygonIdDiscriminant>,hkContainerHeapAllocator> *doubledPolyIdsCollector)"
0x14B952942,bdTeams::autoJoinTeam,,0x143622520,medium,4.113,4.113,2 shared string literals (jaccard 0.67); struct_sim=0.70,"bdReference<bdRemoteTask> *__fastcall(bdTeams *this, bdReference<bdRemoteTask> *result, const unsigned __int64 teamID, const bdUserAccountID userID)"
0x140F69EF0,hkcdPlanarGeometry::appendGeometryPolygons,,0x1439B36E0,medium,4.111,0.663,7 shared rare constants; struct_sim=0.87,"const hkcdPlanarGeometry *__fastcall(hkcdPlanarGeometry *this, const hkcdPlanarGeometry *srcGeom, const hkArray<hkHandle<unsigned int,0,hkcdPlanarGeometryPolygonCollection::PolygonIdDiscriminant>,hkContainerHeapAllocator> *srcPolygonIds, hkArray<hkHandle<unsigned int,0,hkcdPlanarGeometryPolygonCollection::PolygonIdDiscriminant>,hkContainerHeapAllocator> *dstPolygonIds, _DWORD *array)"
0x140F8C280,hkcdConvexCellsTree3D::computeBoundaryGeometry,,0x1439D8F20,medium,4.111,0.428,7 shared rare constants; struct_sim=0.87,"void __usercall(hkcdConvexCellsTree3D *this@<rcx>, const hkArray<hkHandle<unsigned int,4294967295,hkcdNewCellsCollection::CellIdDiscriminant>,hkContainerHeapAllocator> *cellIdsIn@<rdx>, hkGeometry *cellGeomOut@<r8>, hkArray<hkcdPlanarGeometryPolygonCollection::Material,hkContainerHeapAllocator> *triMaterials@<r9>, __int128 _XMM6@<xmm6>, __int128 _XMM7@<xmm7>, __int128 _XMM8@<xmm8>, __int128 _XMM9@<xmm9>, __int128 _XMM10@<xmm10>, hkArray<hkHandle<unsigned int,268435455,hkcdPlanarGeometryPrimitives::PlaneIdDiscriminant>,hkContainerHeapAllocator> *triSupportPlaneIds, hkArray<hkHandle<unsigned int,268435455,hkcdPlanarGeometryPrimitives::PlaneIdDiscriminant>,hkContainerHeapAllocator> *triBoundaryPlaneIds, hkArray<hkIntVector,hkContainerHeapAllocator> *verticesIntPos)"
0x1413467B0,hkgpConvexHullImpl::UPositionAsSource::splitByPlane,,0x1438F2BA0,medium,4.107,4.107,1 shared string literal; 3 shared rare constants; struct_sim=0.92,"__int64 __usercall@<rax>(hkgpConvexHullImpl *this@<rcx>, const hkVector4f *plane@<rdx>, hkgpConvexHull **pos@<r8>, hkgpConvexHull **neg@<r9>, __int128 _XMM3@<xmm3>, __int128 _XMM4@<xmm4>, __int128 _XMM5@<xmm5>, __int128 _XMM6@<xmm6>, __int128 _XMM7@<xmm7>, float thickness)"
0x1404E5210,LUIOnEntityElementSpawner::DespawnForEntity,,0x1425E75B0,medium,4.104,1.029,2 shared string literals (jaccard 0.40); struct_sim=0.87,"void __usercall(LUIOnEntityElementSpawner *this@<rcx>, const LocalClientNum_t localClientNum@<edx>, int entityNum@<r8d>, __int128 _XMM1@<xmm1>)"
0x14048D520,PIP_SetFov,,0x142051930,medium,4.102,1.571,2 shared string literals (jaccard 0.67); struct_sim=0.69,"void __fastcall(scrContext_t *scrContext, PipElement *pipElem, int offset)"
0x140DD6990,R_Cinematic_StartNextPlayback,,0x14221A4A0,medium,4.1,1.806,callee set overlaps: 2/2 mapped callees (jaccard 1.00); struct_sim=1.00,char __fastcall()
0x14118C8E0,T1_Read_Metrics,,0x1430C45E0,medium,4.097,4.097,callee set overlaps: 2/2 mapped callees (jaccard 1.00); struct_sim=1.00,"int __fastcall(FT_FaceRec_ *t1_face, FT_StreamRec_ *stream)"
0x14048D9C0,PIP_SetNearZ,,0x142052070,medium,4.095,1.617,2 shared string literals (jaccard 0.67); struct_sim=0.69,"void __usercall(scrContext_t *scrContext@<rcx>, PipElement *pipElem@<rdx>, int offset@<r8d>, __int128 _XMM0@<xmm0>)"
0x14048DA20,PIP_SetBlurRadius,,0x142052130,medium,4.095,1.617,2 shared string literals (jaccard 0.67); struct_sim=0.69,"void __usercall(scrContext_t *scrContext@<rcx>, PipElement *pipElem@<rdx>, int offset@<r8d>, __int128 _XMM0@<xmm0>)"
0x14048DB60,PIP_SetCullDist,,0x142052450,medium,4.095,2.182,2 shared string literals (jaccard 0.67); struct_sim=0.69,"void __usercall(scrContext_t *scrContext@<rcx>, PipElement *pipElem@<rdx>, int offset@<r8d>, __int128 _XMM0@<xmm0>)"
0x140B7F600,DCache_IO_ReadFromCache,,0x14139B470,medium,4.087,0.841,1 mapped callee(s) in common; 5 shared rare constants; struct_sim=0.61,"bool __fastcall(dcacheType_t cacheType, unsigned __int64 fileID, dcacheLocation_t location, int length, char *buffer)"
0x141397B90,hkReflect::Version::PatchRegistry::recomputePatchDependencies,,0x142BDECC0,medium,4.081,4.081,1 mapped callee(s) in common; 3 shared rare constants; struct_sim=0.79,"_DWORD *__fastcall(hkReflect::Version::PatchRegistry *this, _DWORD *)"
0x14040D120,Scr_Target_SetColor,,0x140CEE370,medium,4.08,1.228,2 shared string literals (jaccard 0.50); struct_sim=0.79,"void __usercall(scrContext_t *scrContext@<rcx>, __int128 _XMM6@<xmm6>, __int128 _XMM7@<xmm7>)"
0x141199460,cid_load_glyph,,0x1430D3BC0,medium,4.078,4.078,callee set overlaps: 2/2 mapped callees (jaccard 1.00); struct_sim=0.99,"__int64 __fastcall(T1_DecoderRec_ *decoder, __int64 glyph_index)"
0x140724F40,PM_Weapon_ContinueOffhandUnderbarrel,,0x1410AB430,medium,4.073,1.424,callee set overlaps: 2/2 mapped callees (jaccard 1.00); struct_sim=0.58,"void __usercall(pmove_t *pm@<rcx>, pml_t *pml@<rdx>, __int128 *@<xmm0>, __int128 *@<xmm6>)"
0x1410FE690,hknpCharacterProxyViewer::step,,0x142FFB260,medium,4.071,1.095,1 shared string literal; 3 shared rare constants; struct_sim=0.78,"void __usercall(hknpCharacterProxyViewer *this@<rcx>, __int128 deltaTime@<xmm1>, __int128 _XMM6@<xmm6>, __int128 _XMM7@<xmm7>, __int128 _XMM8@<xmm8>)"
0x14048D970,PIP_SetTagname,,0x142051F50,medium,4.066,1.248,2 shared string literals (jaccard 0.67); struct_sim=0.67,"void __fastcall(scrContext_t *scrContext, PipElement *pipElem, int offset)"
0x1402E8B50,CG_SnapshotSP_SetNextSnap,,0x141F605E0,medium,4.065,2.497,callee set overlaps: 2/2 mapped callees (jaccard 0.67); 2 shared rare constants; struct_sim=0.62,void __fastcall(LocalClientNum_t localClientNum)
0x141253206,bdLobbyService::handleRewardAchievementMessage,,0x14360B5F0,medium,4.06,4.06,2 shared string literals (jaccard 0.40); 1 shared rare constant; struct_sim=0.57,"__int64 __fastcall(bdLobbyService *this, bdReference<bdByteBuffer> message)"
0x14099FCA0,CL_PlayTextFXPulseSounds,,0x141A02110,medium,4.053,4.053,2 shared string literals (jaccard 0.50); struct_sim=0.77,"void __fastcall(LocalClientNum_t localClientNum, int currentTime, int strLength, int fxBirthTime, int fxLetterTime, int fxDecayStartTime, int *soundTimeKeeper)"
0x140F22E90,hkBsdSocket::listen,,0x142C18440,medium,4.052,0.812,1 shared string literal; 3 shared rare constants; struct_sim=0.93,"_DWORD *__fastcall(hkBsdSocket *this, _DWORD *port, int)"
0x140FA0220,hkGeometryUtils::removeDuplicateTriangles,,0x142DF0BA0,medium,4.048,1.892,1 shared string literal; 3 shared rare constants; struct_sim=0.97,"void __fastcall(hkGeometry *meshGeometry, hkArray<int,hkContainerHeapAllocator> *triangleMapOut, bool ignoreWinding)"
0x141366D40,UhkContainerHeapAllocator::hkgpTriangulatorType::locateVertex,,0x14393A8F0,medium,4.042,0.434,1 shared string literal; 3 shared rare constants; struct_sim=0.87,"hkgpTriangulatorType<hkContainerHeapAllocator,hkgpTriangulatorBase::VertexBase,hkgpTriangulatorBase::TriangleBase,hkgpTriangulatorBase::DefaultEdgeData<hkContainerHeapAllocator>,hkgpTriangulatorBase::SparseEdgeDataPolicy<hkgpTriangulatorBase::DefaultEdgeData<hkContainerHeapAllocator>,hkContainerHeapAllocator>,-1,4,15,0>::Location *__fastcall(hkgpTriangulatorType<hkContainerHeapAllocator,hkgpTriangulatorBase::VertexBase,hkgpTriangulatorBase::TriangleBase,hkgpTriangulatorBase::DefaultEdgeData<hkContainerHeapAllocator>,hkgpTriangulatorBase::SparseEdgeDataPolicy<hkgpTriangulatorBase::DefaultEdgeData<hkContainerHeapAllocator>,hkContainerHeapAllocator>,-1,4,15,0> *this, hkgpTriangulatorType<hkContainerHeapAllocator,hkgpTriangulatorBase::VertexBase,hkgpTriangulatorBase::TriangleBase,hkgpTriangulatorBase::DefaultEdgeData<hkContainerHeapAllocator>,hkgpTriangulatorBase::SparseEdgeDataPolicy<hkgpTriangulatorBase::DefaultEdgeData<hkContainerHeapAllocator>,hkContainerHeapAllocator>,-1,4,15,0>::Location *result, int x, in"
0x140B57E40,GScr_Announcement,,0x141339260,medium,4.037,1.945,2 shared string literals (jaccard 0.40); struct_sim=0.82,void __fastcall(scrContext_t *scrContext)
0x141046AB0,hknpHeightFieldShape_getClosestPoints,,0x142F2A940,medium,4.03,1.245,1 mapped callee(s) in common; 4 shared rare constants; struct_sim=0.49,"void __usercall(bool useScaling@<cl>, const hknpCollisionQueryContext *queryContext@<rdx>, const hknpClosestPointsQuery *query@<r8>, const hknpShapeQueryInfo *queryShapeInfo@<r9>, __int128 *__struct_ptr _XMM1@<xmm1>, __int128 *__struct_ptr _XMM2@<xmm2>, __int128 *__struct_ptr _XMM4@<xmm4>, __int128 *@<xmm5>, __int128 *__struct_ptr _XMM6@<xmm6>, __int128 *__struct_ptr _XMM7@<xmm7>, __int128 *__struct_ptr _XMM8@<xmm8>, __int128 *__struct_ptr _XMM9@<xmm9>, __int128 *__struct_ptr _XMM10@<xmm10>, const hkVector4f *queryCenter, const hkVector4f *queryHalfExtents, const hknpHeightFieldShape *targetShape, const hknpQueryFilterData *targetShapeFilterData, const hknpShapeQueryInfo *targetShapeInfo, const hkTransformf *queryToTarget, bool queryAndTargetSwapped, hknpCollisionQueryCollector *collector)"
0x1413FDA00,hknpHybridBPTreeVsTreeTask::process,,0x143018B90,medium,4.029,1.297,2 shared string literals (jaccard 0.40); struct_sim=0.82,"void __fastcall(hknpHybridBPTreeVsTreeTask *this, const hkTask::Input *input)"
0x140F72F80,$0BM::Collection::blockAlloc,,0x1439B4550,medium,4.021,0.615,7 shared rare constants; struct_sim=0.81,"__int64 __usercall@<rax>(hkcdPlanarGeometryPrimitives::Collection<28> *this@<rcx>, unsigned int *allocSizeOut@<rdx>, __int128 _XMM6@<xmm6>)"
0x140EFCB00,hkMonitorStream::readCommandString,,0x142AF3660,medium,4.02,0.367,callee set overlaps: 2/2 mapped callees (jaccard 1.00); struct_sim=0.95,"unsigned __int64 __fastcall(const char **current, const hkMonitorStream::CommandStreamConfig *streamConfig)"
0x1413E5B50,hknpConstraintAtomSolverSetup::SortedConstraintStates::sortReactivated,,0x143A052A0,medium,4.013,0.572,1 shared string literal; 2 shared rare constants; struct_sim=0.68,"void __fastcall(hknpConstraintAtomSolverSetup::SortedConstraintStates *this, const hknpWorldEx *world, const hknpConstraint *constraints, hkArray<hknpConstraintAtomSolverSetup::ConstraintStateGroup,hkContainerHeapAllocator> *activatedConstraintGroups)"
0x14057A330,HavokPhysics_InstantiateAsset,,0x141B4C3C0,medium,4.012,1.136,7 shared rare constants; struct_sim=0.81,"__int64 __usercall@<rax>(Physics_WorldId worldId@<ecx>, const XModel *xModel@<rdx>, const PhysicsAsset *physicsAsset@<r8>, int ref@<r9d>, __int128 *@<xmm6>, __int128 *@<xmm7>, __int128 *@<xmm8>, const hkVector4f *position, const hkQuaternionf *orientation, bool add, bool forceAddImmediate, bool tryStartDeactivated, Physics_InstantiateShapeOverride *shapeOverride, Physics_InstantiationForceType forceType, Physics_InstantiationFilterType filterType, bool forQueryOnly)"
0x140B433A0,Dvar_ConvertStringToVec3,,0x141867BD0,medium,4.01,1.237,2 shared string literals (jaccard 0.67); struct_sim=0.63,"bool __fastcall(const char *stringValue, vec3_t *vec3Value)"
0x1411A7640,ps_hints_t1stem3,,0x1430E54F0,medium,4.009,4.009,callee set overlaps: 2/2 mapped callees (jaccard 1.00); struct_sim=0.94,"void __fastcall(PS_HintsRec_ *hints, int dimension, int *stems)"
0x1411C6920,lj_cf_package_loader_preload,,0x143827C60,medium,4.002,1.297,2 shared string literals (jaccard 0.40); 1 shared rare constant; struct_sim=0.53,__int64 __fastcall(lua_State *L)
0x140B3E6E0,ScrCmd_SetAudioTriggerState,,0x1412DE810,medium,3.999,3.999,2 shared string literals (jaccard 0.40); struct_sim=0.80,"void __usercall(scrContext_t *scrContext@<rcx>, __int128 _XMM0@<xmm0>)"
0x14123479A,bdTeams::getMemberships,,0x143626360,medium,3.995,3.995,2 shared string literals (jaccard 0.67); struct_sim=0.62,"bdReference<bdRemoteTask> *__fastcall(bdTeams *this, bdReference<bdRemoteTask> *result, bdTeamInfo *teamInfos, const unsigned int maxNumTeams, const unsigned int startTeamID, const bdUserAccountID userID)"
0x1411A3D30,ps_parser_to_token_array,,0x1430E0F60,medium,3.994,2.146,1 mapped callee(s) in common; 2 shared rare constants; struct_sim=1.00,"void __fastcall(PS_ParserRec_ *parser, T1_TokenRec_ *tokens, unsigned int max_tokens, int *pnum_tokens)"
0x140F2F290,hkMemoryResourceHandle::getExternalLinks,,0x142B850F0,medium,3.993,3.993,1 shared string literal; 4 shared rare constants; struct_sim=0.66,"void __usercall(hkMemoryResourceHandle *this@<rcx>, hkArray<hkResourceHandle::Link,hkContainerHeapAllocator> *linksOut@<rdx>, __int128 _XMM0@<xmm0>)"
0x14117E1A0,af_loader_load_g,,0x1430B23C0,medium,3.989,2.169,1 mapped callee(s) in common; 3 shared rare constants; struct_sim=0.99,"int __usercall@<eax>(AF_LoaderRec_ *loader@<rcx>, AF_ScalerRec_ *scaler@<rdx>, unsigned int glyph_index@<r8d>, int load_flags@<r9d>, __int128 *__struct_ptr _XMM2@<xmm2>, unsigned int depth)"
0x140F19A40,_anonymous_namespace_::Win32Impl::advance,,0x142C15B80,medium,3.975,3.975,1 mapped callee(s) in common; 3 shared rare constants; struct_sim=0.98,"char __fastcall(hkFileSystem::Entry *e, hkFileSystem::Entry *)"
0x1411A4220,ps_parser_load_field_table,,0x1430E1590,medium,3.974,3.974,callee set overlaps: 2/2 mapped callees (jaccard 1.00); struct_sim=0.92,"__int64 __fastcall(PS_ParserRec_ *parser, T1_FieldRec_ *const field, void **objects, unsigned int max_objects)"
0x1412549B0,bdLobbyService::handleTencentReward,,0x14360DC80,medium,3.97,1.621,2 shared string literals (jaccard 0.67); struct_sim=0.60,"__int64 __fastcall(bdLobbyService *this, bdReference<bdByteBuffer> message)"
0x140B0A770,PlayerCmd_ShowHudSplash,,0x141273FD0,medium,3.967,1.981,2 shared string literals (jaccard 0.40); struct_sim=0.78,"void __fastcall(scrContext_t *scrContext, scr_entref_t entref)"
0x140C91080,SND_FindEntState,,0x142724300,medium,3.963,1.125,1 mapped callee(s) in common; 2 shared rare constants; struct_sim=0.98,"SndEntState *__fastcall(unsigned __int64 handle, bool createNew)"
0x1412B0D6C,?0hkHardwareInfo,,0x142BCF3E0,medium,3.958,0.809,2 shared rare constants; struct_sim=0.45,void __fastcall(hkHardwareInfo *this)
0x140C717E0,Scr_TransientsSP_ClearStartPointTransients,,0x1426E51E0,medium,3.957,0.356,callee set overlaps: 2/2 mapped callees (jaccard 1.00); struct_sim=0.90,void __fastcall(scrContext_t *scrContext)
0x1411E9580,lj_alloc_realloc,,0x14380CA20,medium,3.957,3.957,1 mapped callee(s) in common; 2 shared rare constants; struct_sim=0.97,"void *__fastcall(void *msp, void *ptr, unsigned __int64 nsize)"
0x1412380B0,bdJSONUtility::escapeString,,0x14357DAC0,medium,3.952,2.924,1 shared string literal; 4 shared rare constants; struct_sim=0.70,"__int64 __fastcall(const char *const input, char *const outBuffer, const unsigned int outBufferSz, const bool invalidUTF8ReplacePolicy)"
0x140B3B340,PlayerCmd_SetClientTriggerAudioZone,,0x1412EA4A0,medium,3.941,3.941,2 shared string literals (jaccard 0.40); struct_sim=0.76,"void __usercall(scrContext_t *scrContext@<rcx>, scr_entref_t entref@<rdx>, __int128 _XMM0@<xmm0>)"
0x14126A409,bdRedeemableCodeService::redeemPayload,,0x143672060,medium,3.94,3.94,2 shared string literals (jaccard 0.50); struct_sim=0.69,"bdReference<bdRemoteTask> *__fastcall(bdRedeemableCodeService *this, bdReference<bdRemoteTask> *result, const bdRedeemPayloadRequest *request, bdRedeemCodeResult *result)"
0x140B3F820,PlayerCmd_ClearClientTriggerAudioZone,,0x1412EC110,medium,3.93,3.93,2 shared string literals (jaccard 0.40); struct_sim=0.75,"void __usercall(scrContext_t *scrContext@<rcx>, scr_entref_t entref@<rdx>, __int128 _XMM0@<xmm0>)"
0x140C577A0,SV_MainMP_CanReplaceServerCommand,,0x141694E00,medium,3.928,3.928,callee set overlaps: 2/2 mapped callees (jaccard 1.00); 1 shared rare constant; struct_sim=0.62,"__int64 __fastcall(SvClientMP *client, const char *cmd, const unsigned int cmdSize)"
0x140CA5900,Ready_0,,0x1426FD620,medium,3.926,0.783,1 mapped callee(s) in common; 2 shared rare constants; struct_sim=0.95,__int64 __fastcall(BINKSND *bs)
0x14044A5F0,GTurretMP::SetMinimapVisible,,0x140D8F150,medium,3.915,1.918,2 shared string literals (jaccard 0.67); struct_sim=0.57,"void __fastcall(GTurretMP *this, gentity_s *self, int isVisible, const char *sentryType)"
0x140524F60,OnlineMatchmakerOmniscient::ResetMatchmaking,,0x140E0BDB0,medium,3.91,3.91,2 shared string literals (jaccard 0.50); struct_sim=0.67,void __fastcall(OnlineMatchmakerOmniscient *this)
0x140536590,Qos::ProbeComplete,,0x140E34230,medium,3.903,3.903,2 shared string literals (jaccard 0.67); struct_sim=0.56,"void __fastcall(Qos *this, tQosEntry *entry)"
0x140E81030,adler32_0,,0x1437CFE20,medium,3.9,1.859,6 shared rare constants; struct_sim=1.00,"__int64 __fastcall(unsigned int adler, const char *buf, unsigned int len)"
0x140CA4BF0,Sys_IsStreamedFile,,0x14189F4D0,medium,3.899,3.899,2 shared string literals (jaccard 0.50); struct_sim=0.67,bool __fastcall(const char *filepath)
0x141142AF0,hknpParticleNmpCacheUtil::buildWorldCache,,0x1430754C0,medium,3.898,0.935,1 shared string literal; 5 shared rare constants; struct_sim=0.43,"__int64 __usercall@<rax>(hknpParticleSimulationThreadContext *tc@<rcx>, const hkVector4f *position@<rdx>, const hkAabb *aabb@<r8>, hknpBodyId lastSolvedBodyId@<r9d>, __int128 _XMM6@<xmm6>, __int128 _XMM7@<xmm7>, __int128 _XMM8@<xmm8>, __int128 _XMM9@<xmm9>, __int128 _XMM10@<xmm10>, __int128 _XMM11@<xmm11>, __int128 _XMM12@<xmm12>, __int128 _XMM13@<xmm13>, __int128 _XMM14@<xmm14>, __int128 _XMM15@<xmm15>, hkHandle<unsigned int,4294967295,hknpShapeKeyDiscriminant> lastSolvedShapeKey, hknpParticleWorldCache *cache, hkSimdFloat32 *closestDistanceOut, hkSimdFloat32 *secondClosestDistanceOut)"
0x140C33A60,Bot_GetPathToGoalInternal,,0x1415F29A0,medium,3.898,1.011,1 mapped callee(s) in common; 2 shared rare constants; struct_sim=0.93,"__int64 __usercall@<rax>(bot_data_t *botData@<rcx>, const vec3_t *goal@<rdx>, __int128 goalRadius@<xmm2>, const char *debugReason@<r9>, __int128 _XMM3@<xmm3>, __int128 _XMM6@<xmm6>, __int128 _XMM7@<xmm7>, __int128 _XMM8@<xmm8>, __int128 _XMM9@<xmm9>, __int128 _XMM10@<xmm10>)"
0x140F19390,hkWin32FileSystem::_openReader,,0x142C159A0,medium,3.889,0.393,1 mapped callee(s) in common; 2 shared rare constants; struct_sim=0.93,"hkRefNew<hkStreamReader> *__fastcall(hkWin32FileSystem *this, hkRefNew<hkStreamReader> *result, const char *name, hkFileSystem::OpenFlags flags)"
0x14049B5F0,GScr_SetHUDDynLight,,0x14208B6F0,medium,3.883,3.883,2 shared string literals (jaccard 0.40); struct_sim=0.72,"void __fastcall(scrContext_t *scrContext, scr_entref_t entref)"
0x1410B9560,?0hknpVehicleDefaultEngine,,0x142FBFE20,medium,3.875,1.575,6 shared rare constants; struct_sim=0.98,void __fastcall(hknpVehicleDefaultEngine *this)
0x14103EE50,UhkcdDefaultStaticMeshTree::SectionDecoder::convertToGeometry,,0x142E53900,medium,3.87,3.87,1 shared string literal; 3 shared rare constants; struct_sim=0.76,"void __usercall(const hkcdDefaultStaticMeshTree *mesh@<rcx>, int sectionIndex@<edx>, hkGeometry *geometry@<r8>, hkArray<hkVector4f,hkContainerHeapAllocator> *edges@<r9>, __int128 _XMM0@<xmm0>, __int128 _XMM1@<xmm1>, __int128 _XMM6@<xmm6>, __int128 _XMM7@<xmm7>, __int128 _XMM8@<xmm8>, __int128 _XMM9@<xmm9>, const hkcdStaticMeshTree::SectionDecoder<hkcdDefaultStaticMeshTree>::CustomGeometryConverterBase *gc, bool append, bool weld, hkcdStaticMeshTree::TriangleMaterial tm)"
0x1403DF8C0,AIScriptedInterface::Cover_IsWithinNodeAngle,,0x140C5D3A0,medium,3.869,1.176,callee set overlaps: 2/2 mapped callees (jaccard 1.00); 1 shared rare constant; struct_sim=0.58,"bool __usercall@<al>(const vec3_t *pos@<rcx>, const pathnode_t *node@<rdx>, const pathnodeRange_t *range@<r8>, __int128 _XMM6@<xmm6>, __int128 _XMM7@<xmm7>, __int128 _XMM8@<xmm8>)"
0x140E7A840,stbi__refill_buffer,,0x143857350,medium,3.868,0.486,caller set agrees: 4/4 mapped callers (jaccard 1.00); struct_sim=0.98; demoted: runner-up within 0.49,void __fastcall(stbi__context *s)
0x140511D30,CL_Input_CmdButtons,,0x141A15B40,medium,3.854,0.36,7 shared rare constants; struct_sim=0.70,"void __fastcall(LocalClientNum_t localClientNum, usercmd_s *cmd, ButtonSet *outClearButtons)"
0x141079AB0,?0hknpWorld,,0x142E868E0,medium,3.853,0.996,1 shared string literal; 3 shared rare constants; struct_sim=0.86,"void __usercall(hknpWorld *this@<rcx>, const hknpWorldCinfo *cinfo@<rdx>, __int128 _XMM6@<xmm6>)"
0x1405A96F0,NpSimulationSnapshot::exportSimulationState,,0x141BA96E0,medium,3.845,0.375,1 shared string literal; 2 shared rare constants; struct_sim=0.90,"__int64 __fastcall(hknpWorld *world, hkStreamWriter *writer)"
0x140C34520,Bot_UpdatePathToEnemy,,0x14161C140,medium,3.84,1.347,1 mapped callee(s) in common; 3 shared rare constants; struct_sim=0.89,"__int64 __usercall@<rax>(bot_data_t *botData@<rcx>, __int128 _XMM0@<xmm0>, __int128 _XMM6@<xmm6>, __int128 _XMM7@<xmm7>, __int128 _XMM9@<xmm9>, __int128 _XMM10@<xmm10>)"
0x141255BC1,bdStorage::getFiles,,0x1435DC280,medium,3.831,1.217,2 shared string literals (jaccard 0.40); struct_sim=0.69,"bdReference<bdRemoteTask> *__fastcall(bdStorage *this, bdReference<bdRemoteTask> *result, const bdUserAccountID *const *ownerIDs, const char *const *fileNames, bdFileQueryResult *const files, const unsigned int count)"
0x140AD35F0,Path_UpdateLookaheadExtended,,0x1411CD6C0,medium,3.829,3.829,callee set overlaps: 2/2 mapped callees (jaccard 1.00); 1 shared rare constant; struct_sim=0.55,"void __usercall(path_t *pPath@<rcx>, const vec3_t *vStartPos@<rdx>, int bReduceLookaheadAmount@<r8d>, int bTrimAmount@<r9d>, __int128 _XMM6@<xmm6>, __int128 _XMM7@<xmm7>, __int128 _XMM8@<xmm8>, __int128 _XMM9@<xmm9>, __int128 _XMM10@<xmm10>, __int128 _XMM11@<xmm11>, __int128 _XMM12@<xmm12>, __int128 _XMM13@<xmm13>, __int128 *@<xmm14>, __int128 *@<xmm15>, int bAllowBacktrack, const vec3_t *vWishDelta, const Bounds *bounds)"
0x1409D3590,PartyHost_HandleClientInfoMsg,,0x141153D10,medium,3.827,1.185,callee set overlaps: 2/2 mapped callees (jaccard 1.00); struct_sim=0.82,"void __usercall(PartyData *party@<rcx>, const PartyActiveClient *mainActiveClient@<rdx>, netadr_t *from@<r8>, msg_t *msg@<r9>, __int128 *@<xmm6>)"
0x141349510,hkgpConvexHullImpl::ensureContainment,,0x1438FF1C0,medium,3.821,3.821,1 shared string literal; 3 shared rare constants; struct_sim=0.73,"hkBool *__usercall@<rax>(hkgpConvexHullImpl *this@<rcx>, hkBool *result@<rdx>, const hkArray<hkVector4f,hkContainerHeapAllocator> *points@<r8>, __int128 _XMM6@<xmm6>, __int128 _XMM7@<xmm7>, __int128 _XMM8@<xmm8>, __int128 _XMM9@<xmm9>, __int128 _XMM10@<xmm10>)"
0x141417980,hkMonitorStreamAnalyzer::writeStatisticsDetailsToTexture,,0x142BAB1E0,medium,3.821,1.724,6 shared rare constants; struct_sim=0.95,"void __usercall(const hkArrayBase<hkMonitorStreamAnalyzer::ThreadRootNodes> *perThreadNodes@<rcx>, const hkMonitorStreamAnalyzer::ThreadDrawInput *input@<rdx>, hkArray<hkArray<hkMonitorStreamFrameInfo,hkContainerHeapAllocator>,hkContainerHeapAllocator> *frameInfos@<r8>, int **texture@<r9>, __int128 _XMM1@<xmm1>, __int128 _XMM6@<xmm6>, __int128 *@<xmm7>, __int128 *@<xmm8>, __int128 *@<xmm9>, int *height, hkMonitorStreamAnalyzer::SampleInfo *sampleInfo)"
0x140E82470,deflate_rle,,0x1437C7DE0,medium,3.812,3.812,callee set overlaps: 2/3 mapped callees (jaccard 0.67); struct_sim=0.99,"__int64 __fastcall(internal_state *s, int flush)"
0x14048DA80,PIP_SetLOD,,0x1420521F0,medium,3.811,1.188,2 shared string literals (jaccard 0.50); struct_sim=0.61,"void __fastcall(scrContext_t *scrContext, PipElement *pipElem, __int64 offset)"
0x14048DAF0,PIP_SetAspectRatio,,0x142052320,medium,3.811,1.188,2 shared string literals (jaccard 0.50); struct_sim=0.61,"void __fastcall(scrContext_t *scrContext, PipElement *pipElem, __int64 offset)"
0x1414113B0,bdPlatformStreamSocket::send,,0x14372F6C0,medium,3.81,1.466,7 shared rare constants; struct_sim=0.67,"__int64 __fastcall(const int handle, const void *const data, const unsigned int length)"
0x140D347C0,Sys_InitRegionFolders,,0x142890F10,medium,3.8,1.303,2 shared string literals (jaccard 0.40); struct_sim=0.67,void __fastcall(bool forceNoZoneDirectory)
0x140AEA650,GetNodesInRadius,,0x141207DB0,medium,3.789,1.805,1 shared string literal; 3 shared rare constants; struct_sim=0.79,"void __usercall(scrContext_t *scrContext@<rcx>, int sorted@<edx>, signed __int64@<rax>, __int128 *__struct_ptr _XMM0@<xmm0>, __int128 *__struct_ptr _XMM6@<xmm6>, __int128 *__struct_ptr _XMM7@<xmm7>, __int128 *__struct_ptr _XMM8@<xmm8>, __int128 *__struct_ptr _XMM9@<xmm9>, __int128 *__struct_ptr _XMM10@<xmm10>)"
0x140F92160,hkcdConvexCellsTree3D::cloneCell,,0x1439D7A30,medium,3.784,0.465,6 shared rare constants; struct_sim=0.92,"hkHandle<unsigned int,4294967295,hkcdNewCellsCollection::CellIdDiscriminant> *__fastcall(hkcdConvexCellsTree3D *this, hkHandle<unsigned int,4294967295,hkcdNewCellsCollection::CellIdDiscriminant> *result, hkHandle<unsigned int,4294967295,hkcdNewCellsCollection::CellIdDiscriminant> cellId)"
0x140B560D0,ScrCmd_PlaySoundToPlayer,,0x141330000,medium,3.783,0.743,1 mapped callee(s) in common; 2 shared rare constants; struct_sim=0.86,"void __fastcall(scrContext_t *scrContext, scr_entref_t entref)"
0x140B7F8F0,DCache_IO_SerializeTOC,,0x14139BF10,medium,3.774,0.998,1 mapped callee(s) in common; 2 shared rare constants; struct_sim=0.85,"char __fastcall(dcacheType_t cacheType, dcacheTOC_t *toc)"
0x14055E7E0,PhysicsQuery_TraceCmd,,0x140F03E50,medium,3.762,1.921,callee set overlaps: 2/2 mapped callees (jaccard 1.00); 1 shared rare constant; struct_sim=0.51,"void __usercall(const void *const cmdData@<rcx>, __int128 _XMM2@<xmm2>, __int128 *@<xmm6>)"
0x140AD0010,Path_GeneratePath,,0x1411C7330,medium,3.755,1.775,7 shared rare constants; struct_sim=0.64,"__int64 __usercall@<rax>(path_t *pPath@<rcx>, const vec3_t *vStartPos@<rdx>, const vec3_t *vGoalPos@<r8>, pathnode_t *pNodeFrom@<r9>, __int128 *__struct_ptr _XMM6@<xmm6>, __int128 *__struct_ptr _XMM7@<xmm7>, __int128 *__struct_ptr _XMM8@<xmm8>, __int128 *__struct_ptr _XMM9@<xmm9>, __int128 *@<xmm10>, __int128 *@<xmm11>, __int128 *@<xmm12>, __int128 *@<xmm13>, __int128 *@<xmm14>, __int128 *@<xmm15>, pathnode_t *pNodeTo, int bIncludeGoalPos, int bAllowNegotiationLinks, int useChokePoints)"
0x14126A2AA,bdRedeemableCodeService::redeemCode,,0x143671E70,medium,3.754,1.144,2 shared string literals (jaccard 0.50); struct_sim=0.57,"bdReference<bdRemoteTask> *__fastcall(bdRedeemableCodeService *this, bdReference<bdRemoteTask> *result, const char *clientTransactionId, const char *code, bdRedeemCodeResult *result)"
0x141254B23,bdLobbyService::handleTencentUserLeaveReason,,0x14360DE80,medium,3.751,3.751,2 shared string literals (jaccard 0.40); struct_sim=0.63,"__int64 __fastcall(bdLobbyService *this, bdReference<bdByteBuffer> message)"
0x1409B34F0,CL_MainMP_MapLoading_AlreadyConnected,,0x141A9B260,medium,3.749,1.633,callee set overlaps: 2/2 mapped callees (jaccard 1.00); 1 shared rare constant; struct_sim=0.50,void()
0x1411C1C90,lj_cf_io_method___tostring,,0x1438250E0,medium,3.747,1.429,2 shared string literals (jaccard 0.50); struct_sim=0.56,__int64 __fastcall(lua_State *L)
0x140DD7610,RB_Cinematic_UpdateSaveData,,0x142215660,medium,3.731,0.875,1 shared string literal; 2 shared rare constants; struct_sim=0.82,void(void)
0x141421180,hkReflect::Tracker::hkStringPtrHandler,,0x142AFF000,medium,3.72,3.72,1 shared string literal; 2 shared rare constants; struct_sim=0.81,"void __fastcall(const hkReflect::Var *var, hkMemoryTrackerSnapshot *snapshot)"
0x141370F90,hkgpCgoInternal::load,,0x14394BDE0,medium,3.719,2.637,6 shared rare constants; struct_sim=0.88,"void __usercall(hkgpCgoInternal *this@<rcx>, hkGeometry *geometry@<rdx>, __int128 _XMM0@<xmm0>, __int128 _XMM6@<xmm6>, __int128 _XMM7@<xmm7>, __int128 _XMM8@<xmm8>, __int128 _XMM9@<xmm9>, __int128 _XMM10@<xmm10>)"
0x140C70FB0,SV_TransientsSP_LoadTransientDependencies,,0x1426E3850,medium,3.719,0.287,callee set overlaps: 2/2 mapped callees (jaccard 1.00); struct_sim=0.75,void(void)
0x140A7BD10,DB_UnloadLoneXAsset,,0x1411AE320,medium,3.713,2.174,1 mapped callee(s) in common; 1 shared matched global; 2 shared rare constants; struct_sim=0.48,"bool __fastcall(DB_AssetEntry *const assetEntry, const DBCreateDefaultOptions defaultOptions)"
0x140E5FC90,R_UpdatePackedSceneLightConstants,,0x1423E6990,medium,3.711,0.885,1 mapped callee(s) in common; 3 shared rare constants; struct_sim=0.54,"void __usercall(GfxBackEndData *data@<rcx>, const GfxViewInfo *viewInfo@<rdx>, __int128 _XMM6@<xmm6>, __int128 _XMM7@<xmm7>, __int128 _XMM8@<xmm8>, __int128 _XMM9@<xmm9>, __int128 _XMM10@<xmm10>, __int128 _XMM11@<xmm11>, __int128 _XMM12@<xmm12>, __int128 _XMM13@<xmm13>, __int128 _XMM14@<xmm14>, __int128 _XMM15@<xmm15>)"
0x140D2E4E0,LuaCoD_VmLoader,,0x142427180,medium,3.71,0.373,1 mapped callee(s) in common; 2 shared rare constants; struct_sim=0.81,__int64 __fastcall(lua_State *s)
0x140556A20,PhysicsCoverWall_CreateDynamicCompoundShape,,0x140ED56D0,medium,3.7,0.952,6 shared rare constants; struct_sim=0.87,"hknpCompoundShape *__usercall@<rax>(const unsigned int *coverGrid@<rcx>, __int128 _XMM0@<xmm0>, __int128 _XMM6@<xmm6>, __int128 _XMM7@<xmm7>)"
0x1409DE710,PartyMigrate_Frame,,0x14117A600,medium,3.697,1.12,callee set overlaps: 2/2 mapped callees (jaccard 1.00); struct_sim=0.73,"void __usercall(PartyData *party@<rcx>, const PartyActiveClient *mainActiveClient@<rdx>, const int msec@<r8d>, __int128 *@<xmm0>, __int128 *@<xmm1>, __int128 *@<xmm2>, __int128 *@<xmm3>, __int128 *@<xmm6>, __int128 *@<xmm7>, __int128 *@<xmm8>, __int128 *@<xmm9>, __int128 *@<xmm10>, __int128 *@<xmm11>)"
0x140FF01B0,hknpHeightFieldShape::getSignedDistances,,0x142F278D0,medium,3.696,3.696,1 shared string literal; 2 shared rare constants; struct_sim=0.46,"void __usercall(hknpHeightFieldShape *this@<rcx>, const hknpShape::SdfQuery *query@<rdx>, hknpShape::SdfContactPoint *contactsOut@<r8>, __int128 _XMM6@<xmm6>, __int128 _XMM7@<xmm7>, __int128 _XMM8@<xmm8>, __int128 _XMM9@<xmm9>, __int128 _XMM10@<xmm10>, __int128 _XMM11@<xmm11>, __int128 _XMM12@<xmm12>, __int128 _XMM13@<xmm13>, __int128 _XMM14@<xmm14>, __int128 _XMM15@<xmm15>, __m256i _YMM0@<ymm0>)"
0x14BF93C98,buildEndpointURL,,0x1435637B0,medium,3.696,3.696,2 shared string literals (jaccard 0.50); struct_sim=0.53,"void __fastcall(char *result, bool secure, const char *endpoint, const char *bucket, const char *category, const char *client, unsigned __int64 userid)"
0x14052E1F0,Online_PatchStreamer::StartupProcessingHandleDecrypt,,0x140E280E0,medium,3.695,0.407,6 shared rare constants; struct_sim=0.86,"__int64 __fastcall(Online_PatchStreamer *this, const CCSPatchType patchType, psManifestActionInfo_t *action)"
0x1403488C3,bdLobbyService::handleWebserviceStorageFileWrite,,0x14360E1B0,medium,3.693,3.693,2 shared string literals (jaccard 0.40); struct_sim=0.60,"__int64 __fastcall(bdLobbyService *this, bdReference<bdByteBuffer> message)"
0x14104DC00,hknpExternMeshShapeInternals::UShapeCastQuery::aabbCast,,0x142F59760,medium,3.688,0.411,6 shared rare constants; struct_sim=0.86,"void __usercall(hkcdSimdTree *this@<rcx>, const hkcdRay *ray@<rdx>, const hkVector4f *halfExtents@<r8>, hknpExternMeshShapeInternals::ShapeCastQuery *query@<r9>, __int128 _XMM6@<xmm6>, __int128 _XMM7@<xmm7>, __int128 _XMM8@<xmm8>, __int128 _XMM9@<xmm9>, __int128 _XMM10@<xmm10>, __int128 _XMM11@<xmm11>, __int128 _XMM12@<xmm12>, __int128 _XMM13@<xmm13>, __int128 _XMM14@<xmm14>, __int128 _XMM15@<xmm15>, __m256i _YMM3@<ymm3>, bool sort, unsigned int root)"
0x140B2C9E0,BgMissile::MissileImpact,,0x1402D7B10,medium,3.678,2.291,1 mapped callee(s) in common; 2 shared rare constants; struct_sim=0.79,"void __usercall(BgMissile *this@<rcx>, const BgWeaponMap *weaponMap@<rdx>, BgEntityData *entityData@<r8>, const int lastSimulationTime@<r9d>, __int128 *__struct_ptr _XMM0@<xmm0>, __int128 *__struct_ptr _XMM1@<xmm1>, __int128 *__struct_ptr _XMM6@<xmm6>, __int128 *__struct_ptr _XMM7@<xmm7>, __int128 *__struct_ptr _XMM8@<xmm8>, __int128 *__struct_ptr _XMM9@<xmm9>, __int128 *__struct_ptr _XMM10@<xmm10>, __int128 *__struct_ptr _XMM11@<xmm11>, const int simulationTime, const int timeDeltaMsec, const vec3_t *originAtSimStart, trace_t *trace, vec3_t *dir, vec3_t *endpos)"
0x140E877A0,send_tree,,0x1437CF650,medium,3.677,2.286,4 shared rare constants; struct_sim=0.98,"void __fastcall(internal_state *s, ct_data_s *tree, int max_code)"
0x140F75DC0,$0BM::Collection::create,,0x1439BBD50,medium,3.67,0.758,6 shared rare constants; struct_sim=0.85,"void __fastcall(hkcdPlanarGeometryPrimitives::Collection<28> *this, int initialFreeSize)"
0x140F874F0,hkcdBspImpl::pickSplittingPlane,,0x1439CD7D0,medium,3.667,0.622,4 shared rare constants; struct_sim=0.98,"__int64 __fastcall(const hkcdPlanarGeometry *geom, hkPseudoRandomGenerator *rng, const hkHandle<unsigned int,268435455,hkcdPlanarGeometryPrimitives::PlaneIdDiscriminant> *planeIds, int numPlaneIds, const hkHandle<unsigned int,0,hkcdPlanarGeometryPolygonCollection::PolygonIdDiscriminant> *polygonIds, int numPolygonIds)"
0x140F83B60,hkcdPlanarSolid::dbgPrint,,0x1439CBA00,medium,3.66,3.66,1 shared string literal; 2 shared rare constants; struct_sim=0.88,void __fastcall(hkcdPlanarSolid *this)
0x1409C74D0,PartyClient_ParsePartyStateHeaderData,,0x141AD28C0,medium,3.635,3.635,1 shared string literal; 3 shared rare constants; struct_sim=0.81,"char __fastcall(PartyData *party, const PartyActiveClient *mainActiveClient, msg_t *msg, PartyStateReadRecord *record)"
0x141260246,bdMessaging::createChatChannelWithID,,0x14365D0D0,medium,3.627,1.414,2 shared string literals (jaccard 0.50); struct_sim=0.48,"bdReference<bdRemoteTask> *__fastcall(bdMessaging *this, bdReference<bdRemoteTask> *result, bdChannelInfo *const channelInfo, const unsigned __int64 channelID)"
0x140ACFD80,Path_FindPath,,0x1411C71C0,medium,3.625,3.625,callee set overlaps: 2/2 mapped callees (jaccard 1.00); struct_sim=0.68,"__int64 __usercall@<rax>(PathFindInput *pathFindInput@<rcx>, __int128 *@<xmm3>, __int128 *@<xmm6>, __int128 *@<xmm7>, __int128 *@<xmm8>, __int128 *@<xmm9>, __int128 *@<xmm10>, __int128 *@<xmm11>, __int128 *@<xmm12>, __int128 *@<xmm13>, __int128 *@<xmm14>, __int128 *@<xmm15>)"
0x1413E621F,bdTitleUtilities::getServerTime,,0x143620950,medium,3.624,1.362,2 shared string literals (jaccard 0.50); struct_sim=0.48,"bdReference<bdRemoteTask> *__fastcall(bdTitleUtilities *this, bdReference<bdRemoteTask> *result, bdTimeStamp *timeStamp)"
0x1413DECA0,_anonymous_namespace_::hknpHybridBroadPhaseEx::assignBodiesToTrees,,0x142F00490,medium,3.62,3.62,4 shared rare constants; struct_sim=0.95,"void __fastcall(hknpBodyId *ids, char *layerIndices, __int64 numIds, hknpBody *bodies, hknpBody *bodiesa)"
0x1410FA0D0,hknpMassPropertiesViewer::step,,0x142FEEF40,medium,3.579,1.284,1 shared string literal; 2 shared rare constants; struct_sim=0.89,"void __usercall(hknpMassPropertiesViewer *this@<rcx>, __int128 deltaTime@<xmm1>, __int128 _XMM3@<xmm3>, __int128 _XMM6@<xmm6>, __int128 _XMM7@<xmm7>, __int128 _XMM8@<xmm8>, __int128 _XMM9@<xmm9>, __int128 _XMM10@<xmm10>, __int128 _XMM11@<xmm11>, __int128 _XMM12@<xmm12>, __int128 _XMM13@<xmm13>, __int128 _XMM14@<xmm14>, __int128 _XMM15@<xmm15>)"
0x1404D5C20,LUIElement_Grid_SetRefreshChildInC,,0x1425D1890,medium,3.57,0.316,1 shared string literal; 2 shared rare constants; struct_sim=0.71,__int64 __fastcall(lua_State *const luaVM)
0x1403FFD70,G_ScrMain_GetHintStringMessage,,0x14131FBF0,medium,3.564,0.422,2 shared string literals (jaccard 0.40); struct_sim=0.51,"__int64 __fastcall(scrContext_t *scrContext, int firstParmIndex, int lastParmIndex)"
0x140DCB890,R_AddAllStaticModelSurfacesCamera_LodCalc,,0x1421FDC60,medium,3.548,3.548,callee set overlaps: 2/3 mapped callees (jaccard 0.67); struct_sim=0.81,"void __usercall(const void *const cmd@<rcx>, __int128 *@<xmm0>, __int128 *@<xmm6>, __int128 *@<xmm7>, __int128 *@<xmm8>, __int128 *@<xmm9>, __int128 *@<xmm10>, __int128 *@<xmm11>)"
0x14135C340,hkgpMesh::simplifyQEM,,0x143941860,medium,3.528,0.284,1 shared string literal; 2 shared rare constants; struct_sim=0.80,"void __usercall(hkgpMesh *this@<rcx>, int numTriangleToRemove@<edx>, __int128 maxCost@<xmm2>, __int128 _XMM0@<xmm0>, __int128 _XMM6@<xmm6>, __int128 _XMM7@<xmm7>, __int128 _XMM8@<xmm8>)"
0x14B656896,bdStorage::uploadAndValidateFiles,,0x1435DD920,medium,3.521,1.289,2 shared string literals (jaccard 0.50); struct_sim=0.41,"bdReference<bdRemoteTask> *__fastcall(bdStorage *this, bdReference<bdRemoteTask> *result, const bdUploadFilesInfo *files, const unsigned int count, const unsigned int __formal, const bdUserAccountID *ownerID, bdValidatedContextUserStorageFileInfo *const fileInfo)"
0x140B7F350,DCache_IO_ReadBytes,,0x14139B330,medium,3.497,0.911,5 shared rare constants; struct_sim=1.00,"__int64 __fastcall(fileHandle_t handle, int offset, int length, char *buffer)"
0x1401CE1F0,CG_StartClientSideTriggersAudio,,0x141D617E0,medium,3.485,0.605,1 mapped callee(s) in common; 2 shared rare constants; struct_sim=0.92,"void __usercall(LocalClientNum_t localClientNum@<ecx>, const char *mapname@<rdx>, __int128 _XMM0@<xmm0>, __int128 _XMM3@<xmm3>, __int128 *@<xmm6>, __int128 *@<xmm7>, __int128 *@<xmm8>)"
0x141376A80,hkSerializeUtil::load,,0x1438D2880,medium,3.484,3.484,1 shared string literal; 2 shared rare constants; struct_sim=0.86,"hkResource *__usercall@<rax>(hkStreamReader *streamIn@<rcx>, hkSerializeUtil::ErrorDetails *errorOut@<rdx>, hkSerializeUtil::LoadOptions *options@<r8>, __int128 _XMM0@<xmm0>)"
0x1411B28E0,tt_cmap2_get_subheader,,0x1430F3260,medium,3.484,3.484,caller set overlaps: 2/2 mapped callers (jaccard 1.00); 2 shared rare constants; struct_sim=0.99,"char *__fastcall(char *table, unsigned int char_code)"
0x141417EE0,hkMonitorStreamAnalyzer::reverseLookupNodeAtTgaSample,,0x142BA7E10,medium,3.484,1.945,1 mapped callee(s) in common; 2 shared rare constants; struct_sim=0.92,"hkMonitorStreamAnalyzer::Node *__usercall@<rax>(int x@<ecx>, int y@<edx>, const hkArrayBase<hkMonitorStreamAnalyzer::ThreadRootNodes> *perThreadNodes@<r8>, const hkMonitorStreamAnalyzer::ThreadDrawInput *input@<r9>, __int128 *@<xmm6>, __int128 *@<xmm7>, __int128 *@<xmm8>, __int128 *@<xmm9>, hkArray<hkArray<hkMonitorStreamFrameInfo,hkContainerHeapAllocator>,hkContainerHeapAllocator> *frameInfos)"
0x140EDE6E0,bfx::BuildDynAreaData,,0x142A8FC80,medium,3.477,1.919,5 shared rare constants; struct_sim=0.98,"char *__usercall@<rax>(bfx::Area *pStaticArea@<rcx>, const bfx::Array<bfx::DFace *> *faces@<rdx>, __int128 _XMM6@<xmm6>)"
0x1412E880C,opus_encoder_init,,0x1434EE310,medium,3.47,0.519,1 mapped callee(s) in common; 3 shared rare constants; struct_sim=0.78,"__int64 __fastcall(OpusEncoder *st, int Fs, int channels, int application)"
0x140768A50,CG_ParseFloatFinish,,0x141BFD4E0,medium,3.467,0.406,caller set agrees: 4/5 mapped callers (jaccard 0.80); struct_sim=0.71; demoted: runner-up within 0.41,"const char *__fastcall(const char *line, float *value)"
0x1410B4900,?0hknpVehicleData,,0x142FD8110,medium,3.459,1.205,5 shared rare constants; struct_sim=0.97,"void __usercall(hknpVehicleData *this@<rcx>, __int128 _XMM0@<xmm0>, __m256i _YMM0@<ymm0>)"
0x1410B2510,?0hknpSpringForceUtil,,0x14301F570,medium,3.459,1.292,5 shared rare constants; struct_sim=0.97,"void __usercall(hknpSpringForceUtil *this@<rcx>, __int128 _XMM0@<xmm0>, __m256i _YMM0@<ymm0>)"
0x140EA70F0,bfx::HandleProxy::ConnectToTask,,0x1429D4110,medium,3.459,1.822,5 shared rare constants; struct_sim=0.97,void __fastcall(bfx::HandleProxy *this)
0x140B80190,DCache_IO_WriteBytes,,0x14139CB90,medium,3.452,0.861,5 shared rare constants; struct_sim=0.97,"__int64 __fastcall(fileHandle_t handle, int fileOffset, int length, char *buffer)"
0x140EA16A0,Umbra::PortalCuller::traverse,,0x142957640,medium,3.45,0.676,1 shared matched global; 5 shared rare constants; struct_sim=0.63,"void __usercall(Umbra::PortalCuller *this@<rcx>, __int128 _XMM0@<xmm0>, __int128 _XMM1@<xmm1>, __int128 _XMM6@<xmm6>, __int128 _XMM7@<xmm7>, __int128 _XMM8@<xmm8>, __int128 _XMM9@<xmm9>, __int128 _XMM10@<xmm10>, __int128 _XMM11@<xmm11>, __int128 _XMM12@<xmm12>, __int128 _XMM13@<xmm13>, __int128 _XMM14@<xmm14>, __int128 _XMM15@<xmm15>)"
0x140584D20,StaticModels_TransientZoneLoadedMain,,0x14171B260,medium,3.444,0.978,callee set overlaps: 2/3 mapped callees (jaccard 0.67); struct_sim=0.74,void __fastcall(const unsigned int worldTransientIndex)
0x14003E7C0,BG_Deploy_TestLocation,,0x1402A9E60,medium,3.439,3.439,1 mapped callee(s) in common; 2 shared rare constants; struct_sim=0.63,"bool __usercall@<al>(const BgHandler *pmoveHandler@<rcx>, Physics_WorldId worldId@<edx>, const playerState_s *ps@<r8>, const vec3_t *viewOrigin@<r9>, __int128 _XMM6@<xmm6>, __int128 _XMM7@<xmm7>, __int128 _XMM8@<xmm8>, __int128 *@<xmm9>, __int128 *@<xmm10>, __int128 _XMM11@<xmm11>, __int128 _XMM12@<xmm12>, const tmat33_t<vec3_t> *playerViewAxis, const WeaponDef *weapDef, DeployTestResults *outResults)"
0x1411B1730,check_table_dir,,0x1430F1C80,medium,3.43,2.583,5 shared rare constants; struct_sim=0.95,"int __fastcall(SFNT_HeaderRec_ *sfnt, FT_StreamRec_ *stream)"
0x1413386E0,hkgpCgoInternal::PEAUEdgeInfo::hkSortedTree::clear,,0x14391C100,medium,3.423,0.66,6 shared rare constants; struct_sim=0.68,"void __fastcall(hkSortedTree<hkgpCgoInternal::EdgeInfo *,hkgpCgoInternal::EdgeInfo,int,16> *this, int numNodes)"
0x141369620,hkgpIndexedMesh::appendTriangle,,0x1439433A0,medium,3.423,3.423,5 shared rare constants; struct_sim=0.95,"hkgpIndexedMeshDefinitions::Triangle *__usercall@<rax>(hkgpIndexedMesh *this@<rcx>, const unsigned __int64 *indices@<rdx>, unsigned __int64 index@<r8>, int material@<r9d>, __int128 _XMM0@<xmm0>, int flags)"
0x140CB92A0,SND_QueueBuffersInit,,0x1427637B0,medium,3.416,2.229,1 mapped callee(s) in common; 2 shared rare constants; struct_sim=0.61,void __fastcall(SndQueueBuffers *buffers)
0x1411AA770,ft_raster1_render,,0x1430E91C0,medium,3.416,0.68,5 shared rare constants; struct_sim=0.94,"__int64 __fastcall(FT_RendererRec_ *render, FT_GlyphSlotRec_ *slot, FT_Render_Mode_ mode, const FT_Vector_ *origin)"
0x14054C580,Physics_ApplyBulletForce_GetHitBody,,0x140EA0BD0,medium,3.406,1.205,6 shared rare constants; struct_sim=0.67,"__int64 __usercall@<rax>(const Physics_WorldId worldId@<ecx>, const vec3_t *start@<rdx>, const vec3_t *end@<r8>, const unsigned int inflictorEntNum@<r9d>, __int128 *__struct_ptr _XMM6@<xmm6>, __int128 *__struct_ptr _XMM7@<xmm7>, __int128 *__struct_ptr _XMM8@<xmm8>, __int128 *__struct_ptr _XMM9@<xmm9>, __int128 *__struct_ptr _XMM10@<xmm10>, __int128 *__struct_ptr _XMM11@<xmm11>, const bool isMelee, vec3_t *hitPos, int *hitSurfaceFlags, vec3_t *hitNormal, scr_string_t *partName, unsigned int *shapeKey)"
0x140F69220,hkcdPlanarGeometry::clipPolygon,,0x1439B92F0,medium,3.404,1.98,6 shared rare constants; struct_sim=0.67,"__int64 __usercall@<rax>(hkcdPlanarGeometry *this@<rcx>, hkHandle<unsigned int,268435455,hkcdPlanarGeometryPrimitives::PlaneIdDiscriminant> supportPlaneId@<edx>, hkHandle<unsigned int,268435455,hkcdPlanarGeometryPrimitives::PlaneIdDiscriminant> **boundsIn@<r8>, hkHandle<unsigned int,268435455,hkcdPlanarGeometryPrimitives::PlaneIdDiscriminant> **boundsOut@<r9>, __int128 _XMM6@<xmm6>, __int128 _XMM7@<xmm7>, __int128 _XMM8@<xmm8>, __m256i _YMM2@<ymm2>, __m256i _YMM3@<ymm3>, int numBounds, const hkHandle<unsigned int,268435455,hkcdPlanarGeometryPrimitives::PlaneIdDiscriminant> *clippingPlanesIn, int numClippingPlanesIn)"
0x140F739E0,$0BM::Collection::blockFree,,0x1439B4F00,medium,3.399,0.775,5 shared rare constants; struct_sim=0.93,"void __fastcall(hkcdPlanarGeometryPrimitives::Collection<28> *this, unsigned int blockAddr, unsigned int payloadLen)"
0x140571230,hknpWorld::queryAabb,,0x142F66E10,medium,3.383,0.277,1 shared string literal; 2 shared rare constants; struct_sim=0.79,"void __usercall(hknpWorld *this@<rcx>, const hknpAabbQuery *query@<rdx>, hknpCollisionQueryCollector *collector@<r8>, __int128 _XMM0@<xmm0>, __int128 _XMM1@<xmm1>, __int128 _XMM6@<xmm6>, __int128 _XMM7@<xmm7>, __int128 _XMM8@<xmm8>, __int128 _XMM9@<xmm9>, __int128 _XMM10@<xmm10>, __int128 _XMM11@<xmm11>, __int128 _XMM12@<xmm12>, __int128 _XMM13@<xmm13>, __int128 _XMM14@<xmm14>)"
0x140EABA60,bfx::create_mspace,,0x142A07840,medium,3.378,0.481,5 shared rare constants; struct_sim=0.92,malloc_state *__fastcall(unsigned __int64 capacity)
0x14135DFB0,UhkContainerHeapAllocator::hkgpTriangulatorType::UEdge::setEdgeData,,0x143923CC0,medium,3.377,0.706,5 shared rare constants; struct_sim=0.92,"void __fastcall(hkgpTriangulatorBase::SparseEdgeDataPolicy<hkgpTriangulatorBase::DefaultEdgeData<hkContainerHeapAllocator>,hkContainerHeapAllocator> *this, const hkgpTriangulatorType<hkContainerHeapAllocator,hkgpTriangulatorBase::VertexBase,hkgpTriangulatorBase::TriangleBase,hkgpTriangulatorBase::DefaultEdgeData<hkContainerHeapAllocator>,hkgpTriangulatorBase::SparseEdgeDataPolicy<hkgpTriangulatorBase::DefaultEdgeData<hkContainerHeapAllocator>,hkContainerHeapAllocator>,-1,4,15,0>::Edge *edge, const hkgpTriangulatorBase::DefaultEdgeData<hkContainerHeapAllocator> *data)"
0x141115D80,?0hkpPrismaticConstraintData,,0x143092870,medium,3.359,1.227,5 shared rare constants; struct_sim=0.91,void __fastcall(hkpPrismaticConstraintData *this)
0x1405AFB20,Com_GameInfo_LoadArenasFromFile_FastFile,,0x140F5EE20,medium,3.357,0.405,1 shared string literal; 2 shared rare constants; struct_sim=0.83,void __fastcall(const char *dir)
0x141344130,hkgpConvexHullImpl::UPositionAsTransform::buildMassProperties,,0x1438F0090,medium,3.356,3.356,1 shared string literal; 3 shared rare constants; struct_sim=0.50,"int *__usercall@<rax>(hkgpConvexHullImpl *this@<rcx>, int *@<rdx>, __int128 _XMM0@<xmm0>, __int128 _XMM2@<xmm2>, __int128 _XMM3@<xmm3>, __int128 _XMM6@<xmm6>, __int128 _XMM7@<xmm7>, __int128 _XMM8@<xmm8>, __int128 _XMM9@<xmm9>, __int128 _XMM10@<xmm10>, __int128 _XMM11@<xmm11>, __int128 _XMM12@<xmm12>, __int128 _XMM13@<xmm13>, __int128 _XMM14@<xmm14>, __int128 _XMM15@<xmm15>, __m256i _YMM2@<ymm2>)"
0x140C23FF0,?0hknpParticlesCollider,,0x142FDA220,medium,3.339,0.526,1 mapped callee(s) in common; 2 shared rare constants; struct_sim=0.83,"void __usercall(hknpParticlesCollider *this@<rcx>, const hknpWorld *world@<rdx>, const hknpParticlesColliderCinfo *cinfo@<r8>, hknpParticlesColliderId id@<r9d>, __int128 _XMM0@<xmm0>, __m256i _YMM0@<ymm0>, const hknpCollisionQueryDispatcher *queryDispatcher)"
0x1410E79E0,hknpMotionProperties::init,,0x142FC0FB0,medium,3.333,0.659,5 shared rare constants; struct_sim=0.89,"void __usercall(hknpMotionProperties *this@<rcx>, hknpMotionPropertiesId::Preset preset@<edx>, __int128 gravityHint@<xmm2>, __int128 _XMM6@<xmm6>)"
0x1405FF420,LUI_BeginEventWithRoot,,0x14242B330,medium,3.332,3.332,1 shared string literal; 2 shared rare constants; struct_sim=0.80,"bool __fastcall(LocalClientNum_t localClient, LUIElement *root, const char *eventName, lua_State *luaVM)"
0x1407E11D0,CG_DrawWaypoint,,0x141CCAEE0,medium,3.328,1.312,callee set overlaps: 2/4 mapped callees (jaccard 0.50); 1 shared rare constant; struct_sim=0.49,"void __usercall(LocalClientNum_t localClientNum@<ecx>, WaypointDrawArgs *args@<rdx>, __int128 _XMM6@<xmm6>, __int128 _XMM7@<xmm7>, __int128 _XMM8@<xmm8>, __int128 _XMM9@<xmm9>, __int128 _XMM10@<xmm10>, __int128 _XMM11@<xmm11>, __int128 _XMM12@<xmm12>, __int128 _XMM13@<xmm13>, __int128 _XMM14@<xmm14>, __int128 _XMM15@<xmm15>)"
0x1413370B0,hkGeometryProcessing::subdivideGeometry,,0x143916580,medium,3.326,3.326,5 shared rare constants; struct_sim=0.88,"void __usercall(hkGeometry *geometry@<rcx>, __int128 _XMM6@<xmm6>)"
0x140CD8550,BB_ParseParameter,,0x1418010F0,medium,3.315,1.329,1 shared string literal; 2 shared rare constants; struct_sim=0.74,"char __fastcall(const char *string, unsigned __int64 len)"
0x140D8A810,Ragdoll_Exit3PWait,,0x141986C70,medium,3.297,0.733,1 shared string literal; 2 shared rare constants; struct_sim=0.81,"bool __usercall@<al>(Ragdoll *ragdoll@<rcx>, RagdollActivityState prevState@<edx>, RagdollActivityState curState@<r8d>, __int128 _XMM6@<xmm6>)"
0x140F9D250,hkcdPlanarGeometryWeldUtil::computeMappingBetweenPlaneSets,,0x1439CFDE0,medium,3.294,2.675,5 shared rare constants; struct_sim=0.86,"void __usercall(const hkArray<hkcdPlanarGeometryPrimitives::Plane,hkContainerHeapAllocator> *planesIncluded@<rcx>, const hkArray<hkcdPlanarGeometryPrimitives::Plane,hkContainerHeapAllocator> *allPlanes@<rdx>, hkArray<int,hkContainerHeapAllocator> *remapTableOut@<r8>, int invalidPlaneValue@<r9d>, __int128 _XMM0@<xmm0>, __int128 _XMM6@<xmm6>, __int128 _XMM7@<xmm7>, __int128 _XMM8@<xmm8>, __int128 _XMM9@<xmm9>, __int128 _XMM10@<xmm10>)"
0x140F87600,hkcdBspImpl::pickSplittingPlaneMat,,0x1439CD910,medium,3.287,1.223,3 shared rare constants; struct_sim=0.99,"__int64 __fastcall(const hkcdPlanarGeometry *geom, hkPseudoRandomGenerator *rng, const hkHandle<unsigned int,268435455,hkcdPlanarGeometryPrimitives::PlaneIdDiscriminant> *planeIds, int numPlaneIds, const hkHandle<unsigned int,0,hkcdPlanarGeometryPolygonCollection::PolygonIdDiscriminant> *polygonIds, int numPolygonIds)"
0x1410AA480,hknpDeactivationManager::deactivateBodies,,0x142F441E0,medium,3.285,0.31,5 shared rare constants; struct_sim=0.86,"void __fastcall(hknpDeactivationManager *this, const hknpSimulationThreadContext *tl, hknpDeactivationStepInfo *stepInfo, const hkBitField *solverVelOkToDeactivate, const hknpGrid<hknpIdxRange> *cellIdxToGlobalSolverId, const hkArray<hknpMotionId,hkContainerHeapAllocator> *globalSolverIdToMotion, hkMonitorStream *timerStream)"
0x1414152E0,_anonymous_namespace_::CustomGeometryConverter::appendCustomPrimitiveToGeometry,,0x142E4C440,medium,3.278,0.345,1 shared string literal; 2 shared rare constants; struct_sim=0.76,"void __fastcall(const hkcdStaticMeshTree::SectionDecoder<hkcdDefaultStaticMeshTree> *decoder, __int64 primitiveIndex, hkGeometry *geometry, unsigned __int64)"
0x140F83800,hkcdPlanarSolid::invertNodeLabels,,0x1439CD0A0,medium,3.277,0.845,5 shared rare constants; struct_sim=0.85,"void __fastcall(hkcdPlanarSolid *this, hkHandle<unsigned int,4294967295,hkcdPlanarSolid::NodeIdDiscriminant> rootNodeId)"
0x1410F8DC0,hkSerialize::TagfileReadFormat::Impl::handlePatchData,,0x142B2C400,medium,3.269,0.508,5 shared rare constants; struct_sim=0.85,"void __fastcall(hkIo::ReadBufferView *view, ImplBase::ViewConfig *config, _BYTE *)"
0x140E3C0F0,R_GenerateSortedDrawSurfs,,0x14235D960,medium,3.268,3.268,callee set overlaps: 2/2 mapped callees (jaccard 1.00); struct_sim=0.45,"void __usercall(LocalClientNum_t localClientNum@<ecx>, const GfxSceneParms *sceneParms@<rdx>, const GfxViewParms *viewParmsDpvs@<r8>, const GfxViewParmsSet *viewParmsSet@<r9>, __int128 *@<xmm2>, __int128 *__struct_ptr _XMM6@<xmm6>, __int128 *__struct_ptr _XMM7@<xmm7>, __int128 *@<xmm8>, __int128 *@<xmm9>, __int128 *@<xmm10>, __int128 *@<xmm11>, __int128 *@<xmm12>, __int128 *@<xmm13>, __int128 *@<xmm14>, __int128 *@<xmm15>, const GfxViewportFeatures *viewportFeatures)"
0x140D14E40,ParticleManager::UpdateBoneMapWorker,,0x1427BB580,medium,3.267,1.863,1 mapped callee(s) in common; 2 shared rare constants; struct_sim=0.51,void __fastcall(const void *const cmdInfo)
0x1410F4DC0,hknpManifoldViewer::processManifoldStream,,0x142FEAB60,medium,3.254,1.382,1 shared string literal; 3 shared rare constants; struct_sim=0.49,"void __usercall(hknpManifoldViewer *this@<rcx>, const hknpWorld *world@<rdx>, hkTypedBlockStream<hknpManifoldViewerBase::VdbManifoldWithId>::Reader *reader@<r8>, __int128 _XMM2@<xmm2>, __int128 _XMM3@<xmm3>, __int128 _XMM6@<xmm6>, __int128 _XMM7@<xmm7>, __int128 _XMM8@<xmm8>, __int128 _XMM9@<xmm9>, __int128 _XMM10@<xmm10>, __int128 _XMM11@<xmm11>, __int128 _XMM12@<xmm12>, __int128 _XMM13@<xmm13>, __int128 _XMM14@<xmm14>)"
0x140EA88B0,?0StreamFrontendGlob,,0x1417206F0,medium,3.247,0.346,1 mapped callee(s) in common; 2 shared rare constants; struct_sim=0.50,void __fastcall(StreamFrontendGlob *this)
0x1404F5F60,CL_Cameraman_Init,,0x140430310,medium,3.237,1.268,1 mapped callee(s) in common; 2 shared rare constants; struct_sim=0.49,"void __usercall(bool isFullInit@<cl>, __int128 _XMM0@<xmm0>, __int128 _XMM6@<xmm6>, __int128 *@<xmm7>, __int128 *@<xmm8>)"
0x140E2C0F0,R_RT_Manager_Startup,,0x14234A660,medium,3.236,1.385,1 mapped callee(s) in common; 2 shared rare constants; struct_sim=0.49,void(void)
0x140F652E0,hkcdPlanarGeometry::classify,,0x1439B8860,medium,3.23,0.277,6 shared rare constants; struct_sim=0.55,"__int64 __usercall@<rax>(hkcdPlanarGeometry *this@<rcx>, hkHandle<unsigned int,0,hkcdPlanarGeometryPolygonCollection::PolygonIdDiscriminant> polygonId@<edx>, hkHandle<unsigned int,268435455,hkcdPlanarGeometryPrimitives::PlaneIdDiscriminant> planeId@<r8d>, __int128 _XMM6@<xmm6>, __int128 _XMM7@<xmm7>, __int128 _XMM8@<xmm8>, __int128 _XMM9@<xmm9>, __int128 _XMM10@<xmm10>, __m256i _YMM2@<ymm2>, __m256i _YMM3@<ymm3>)"
0x140AE7140,G_Bullet_FireWithParams,,0x1411FA750,medium,3.222,1.498,1 shared string literal; 2 shared rare constants; struct_sim=0.80,"__int64 __usercall@<rax>(const GWeaponFireParms *const params@<rcx>, const int serverTime@<edx>, signed __int64@<rax>, __int128 *__struct_ptr _XMM0@<xmm0>, __int128 *__struct_ptr _XMM3@<xmm3>, __int128 *__struct_ptr _XMM6@<xmm6>, __int128 *__struct_ptr _XMM7@<xmm7>, __int128 *__struct_ptr _XMM8@<xmm8>, __int128 *__struct_ptr _XMM9@<xmm9>)"
0x1409C9950,PartyClient_Frame,,0x141ACEA00,medium,3.211,0.8,callee set overlaps: 2/2 mapped callees (jaccard 0.67); struct_sim=0.59,"void __fastcall(PartyData *party, const PartyActiveClient *mainActiveClient)"
0x140C25100,Bot_GetStopGoalStance,,0x1415F58E0,medium,3.209,3.209,5 shared rare constants; struct_sim=0.81,unsigned __int32 __fastcall(const pathnode_t *node)
0x140EA8E80,bfx::MemoryManager::bfxMemDefaultMalloc,,0x1429E2630,medium,3.192,3.192,1 mapped callee(s) in common; 2 shared rare constants; struct_sim=0.73,"__int32 *__fastcall(bfx::MemoryManager *this, unsigned __int64 size, bfx::bfxMemTag tag, unsigned __int64 alignment)"
0x141097280,hknpConvexPolytopeShape::createHullFromVertices,,0x142FC6140,medium,3.187,3.187,1 shared string literal; 2 shared rare constants; struct_sim=0.68,"__int64 __usercall@<rax>(const hkStridedVertices *verticesIn@<rcx>, float *convexRadiusInOut@<rdx>, const hknpConvexShape::BuildConfig *config@<r8>, hkgpConvexHull *hullOut@<r9>, __int128 _XMM6@<xmm6>, __int128 _XMM7@<xmm7>, hkRefPtr<hknpShapeMassProperties> *massPropertiesOut)"
0x1404F60A0,LUI_Tween_ClearOnComplete,,0x1426281F0,medium,3.182,0.272,1 shared string literal; 2 shared rare constants; struct_sim=0.68,"void __fastcall(LUITween *tween, lua_State *luaVM)"
0x1403FA7B0,G_CoverWall_Spawn,,0x140CCA260,medium,3.127,3.127,1 shared string literal; 2 shared rare constants; struct_sim=0.68,"gentity_s *__usercall@<rax>(const vec3_t *origin@<rcx>, const vec3_t *angles@<rdx>, int maxHealthPerCoverBlock@<r8d>, __int128 _XMM0@<xmm0>, __int128 _XMM1@<xmm1>, __int128 *@<xmm2>, __int128 *@<xmm6>, __int128 *@<xmm7>, __int128 *@<xmm8>, __int128 *@<xmm9>)"
0x14107E1B0,hknpWorld::detachBodies,,0x142E8FED0,medium,3.122,0.506,5 shared rare constants; struct_sim=0.75,"void __usercall(hknpWorld *this@<rcx>, const hknpBodyId *bodyIds@<rdx>, int numIds@<r8d>, hknpWorldWriter::UpdateMotionMode updateMotionMode@<r9d>, __int128 _XMM6@<xmm6>, __int128 _XMM7@<xmm7>, __int128 _XMM8@<xmm8>, __int128 _XMM9@<xmm9>, __int128 _XMM10@<xmm10>, __int128 _XMM11@<xmm11>, __int128 _XMM12@<xmm12>, __int128 _XMM13@<xmm13>, __int128 _XMM14@<xmm14>, __m256i _YMM2@<ymm2>)"
0x14139A8C0,_anonymous_namespace_::walkDependencies,,0x142BE0650,medium,3.119,1.209,3 shared rare constants; struct_sim=0.88,"__int64 __fastcall(int curIndex, hkArray<int,hkContainerHeapAllocator> *order, const hkSerializeMultiMap<int,int,hkPointerMap<int,int,hkContainerHeapAllocator> > *incoming, int counter, hkArray<int,hkContainerHeapAllocator> *pending, const hkArray<hkReflect::Version::PatchInfo const *,hkContainerHeapAllocator> *patchInfos)"
0x140499220,Scr_GetMapSunAngles,,0x142089BA0,medium,3.117,0.597,callee set overlaps: 2/3 mapped callees (jaccard 0.67); struct_sim=0.52,"void __usercall(scrContext_t *scrContext@<rcx>, __int128 _XMM2@<xmm2>, __int128 _XMM6@<xmm6>, __int128 _XMM9@<xmm9>)"
0x1413EC460,hknpFaceClipConvexConvexManifoldGenerator::collide,,0x143A0E5C0,medium,3.115,0.947,6 shared rare constants; struct_sim=0.48,"__int64 __usercall@<rax>(hknpFaceClipConvexConvexManifoldGenerator *this@<rcx>, const hknpSimulationThreadContext *tl@<rdx>, const hknpModifierSharedData *sharedData@<r8>, const hknpConvexConvexManifoldGenerator::Input *dinput@<r9>, signed __int64@<rax>, __int128 _XMM6@<xmm6>, __int128 _XMM7@<xmm7>, __int128 _XMM8@<xmm8>, __int128 _XMM9@<xmm9>, __int128 _XMM10@<xmm10>, __int128 _XMM11@<xmm11>, __int128 _XMM12@<xmm12>, __int128 _XMM13@<xmm13>, __int128 _XMM14@<xmm14>, __int128 _XMM15@<xmm15>, __m256i _YMM3@<ymm3>, const hknpCdBody *cdBodyA, const hknpCdBody *cdBodyB, hknpGskCollisionCache *cache, hknpManifold *manifoldOut, hkMonitorStream::MultiTimerCommand **timerToUseOut)"
0x140F49FF0,hkcdDynamicSimdTree::removeLeaf,,0x142DCC020,medium,3.114,0.884,5 shared rare constants; struct_sim=0.74,"__int64 __usercall@<rax>(hkcdDynamicSimdTree *this@<rcx>, int leaf@<edx>, hkcdDynamicSimdTree::ThreadContext *threadContext@<r8>, __int128 _XMM6@<xmm6>, __int128 _XMM7@<xmm7>, __int128 _XMM8@<xmm8>, __int128 _XMM9@<xmm9>, __int128 _XMM10@<xmm10>, __int128 _XMM11@<xmm11>, __int128 _XMM12@<xmm12>, __int128 _XMM13@<xmm13>, __int128 _XMM14@<xmm14>, __int128 _XMM15@<xmm15>)"
0x1410CDB70,_anonymous_namespace_::hknpSingleThreadedSimulation_collideInternal,,0x142F7C990,medium,3.11,0.726,3 shared rare constants; struct_sim=0.87,"void __fastcall(const hknpSimulationThreadContext *threadContext, hknpCollisionCacheManager *cacheManager, hknpCdPairStream *activePairStreamOut, hkBlockStream *movingJacStreamOut, hkBlockStream *fixedJacStreamOut, hknpCsContactJacRange *movingJacRangeOut, hknpCsContactJacRange *fixedJacRangeOut)"
0x140C74E40,SND_RvParamsDefault,,0x14276F720,medium,3.1,0.908,4 shared rare constants; struct_sim=1.00,void __fastcall(snd_rv_params *params)
0x1411105B0,hkp6DofConstraintData::Blueprints::afterReflectNew,,0x1430985C0,medium,3.1,3.1,4 shared rare constants; struct_sim=1.00,void __fastcall(hkp6DofConstraintData::Blueprints *this)
0x141218110,mp_div,,0x1437B7940,medium,3.096,1.506,4 shared rare constants; struct_sim=1.00,"int __fastcall(mp_int *a, mp_int *b, mp_int *c, mp_int *d)"
0x140468C00,CgSoundSystem::PlayEntitySoundAliasFootstep,,0x141D4FFE0,medium,3.086,0.251,callee set overlaps: 2/3 mapped callees (jaccard 0.67); struct_sim=0.50,"__int64 __usercall@<rax>(CgSoundSystem *this@<rcx>, const centity_t *cent@<rdx>, const SndAliasList *aliasList@<r8>, const SndAliasList *ceilingAlist@<r9>, __int128 _XMM0@<xmm0>, __int128 _XMM6@<xmm6>, __int128 _XMM7@<xmm7>, __int128 _XMM8@<xmm8>, __int128 _XMM9@<xmm9>, __int128 _XMM10@<xmm10>, int surfaceType, const int moveType, int isPlayerView, int isQuietMove, bool isLadder)"
0x140F15BD0,hkMultiThreadCheck::markForReadImpl,,0x142BAFA00,medium,3.083,1.728,4 shared rare constants; struct_sim=0.99,"void __fastcall(hkMultiThreadCheck *this, hkMultiThreadCheck::ReadMode mode)"
0x1411797C0,af_axis_hints_new_edge,,0x1430AC720,medium,3.073,3.073,caller set overlaps: 2/2 mapped callers (jaccard 1.00); 1 shared rare constant; struct_sim=0.98,"__int64 __fastcall(AF_AxisHintsRec_ *axis, int fpos, AF_Direction_ dir, FT_MemoryRec_ *memory, AF_EdgeRec_ **anedge)"
0x140EE35C0,bfx::ProcessXGraphForAreaStage2,,0x142A99D20,medium,3.071,2.004,4 shared rare constants; struct_sim=0.98,"void __fastcall(bfx::Area *pArea, const bfx::SubdivLenData *subdivLenData, int *xnodeIndex)"
0x140EA70A0,bfx::HandleProxy::ConnectToTarget,,0x1429D40B0,medium,3.064,0.846,4 shared rare constants; struct_sim=0.98,"void __fastcall(bfx::HandleProxy *this, bfx::HandleTargetBase *pTarget)"
0x1405A2680,BgVehiclePhysicsGround::ModifyMassFactorsOnContact,,0x140375DD0,medium,3.06,0.347,6 shared rare constants; struct_sim=0.44,"bool __fastcall(BgVehiclePhysicsGround *this, const BgVehicleCollisionCallbackInfo *collInfo, __int64 indexCollInfo, vec4_t *outMassFactors)"
0x1409C5500,PartyClient_BecomePartyHost,,0x141ACC430,medium,3.058,0.409,1 shared string literal; 2 shared rare constants; struct_sim=0.67,"__int64 __fastcall(PartyData *party, const PartyActiveClient *mainActiveClient, const int newHost)"
0x1410F3650,hknpDefaultViewerColorScheme::getBodyColor,,0x142FE93A0,medium,3.051,1.609,6 shared rare constants; struct_sim=0.43,"__int64 __fastcall(hknpDefaultViewerColorScheme *this, const hknpWorld *world, hknpBodyId bodyId, hknpViewer *viewer)"
0x141388C60,hknpParticleNmpCacheUtil::buildMeshCache,,0x143073A50,medium,3.036,1.12,5 shared rare constants; struct_sim=0.69,"void __usercall(hknpParticleSimulationThreadContext *tc@<rcx>, const hkVector4f *position@<rdx>, const hkAabb *aabb@<r8>, hkHandle<unsigned int,4294967295,hknpShapeKeyDiscriminant> lastSolvedShapeKey@<r9d>, __int128 _XMM0@<xmm0>, __int128 _XMM6@<xmm6>, __int128 _XMM7@<xmm7>, __int128 _XMM8@<xmm8>, __int128 _XMM9@<xmm9>, __int128 _XMM10@<xmm10>, __int128 _XMM11@<xmm11>, hknpParticleMeshCache *cache, hkSimdFloat32 *closestDistanceOut, hkSimdFloat32 *secondClosestDistanceOut)"
0x140F6E720,hkcdPlanarGeometry::remapTriangleProviderIds,,0x1439BFE80,medium,3.031,0.788,4 shared rare constants; struct_sim=0.95,"void __fastcall(hkcdPlanarGeometry *this, const hkArray<hkcdPlanarGeometryPolygonCollection::TriangleProviderId,hkContainerHeapAllocator> *triSrcIdRemap)"
0x141365270,UhkContainerHeapAllocator::hkgpTriangulatorType::insertVertex,,0x143938160,medium,3.018,0.822,4 shared rare constants; struct_sim=0.95,"hkgpTriangulatorType<hkContainerHeapAllocator,hkgpTriangulatorBase::VertexBase,hkgpTriangulatorBase::TriangleBase,hkgpTriangulatorBase::DefaultEdgeData<hkContainerHeapAllocator>,hkgpTriangulatorBase::SparseEdgeDataPolicy<hkgpTriangulatorBase::DefaultEdgeData<hkContainerHeapAllocator>,hkContainerHeapAllocator>,-1,4,15,0>::Insertion *__usercall@<rax>(hkgpTriangulatorType<hkContainerHeapAllocator,hkgpTriangulatorBase::VertexBase,hkgpTriangulatorBase::TriangleBase,hkgpTriangulatorBase::DefaultEdgeData<hkContainerHeapAllocator>,hkgpTriangulatorBase::SparseEdgeDataPolicy<hkgpTriangulatorBase::DefaultEdgeData<hkContainerHeapAllocator>,hkContainerHeapAllocator>,-1,4,15,0> *this@<rcx>, hkgpTriangulatorType<hkContainerHeapAllocator,hkgpTriangulatorBase::VertexBase,hkgpTriangulatorBase::TriangleBase,hkgpTriangulatorBase::DefaultEdgeData<hkContainerHeapAllocator>,hkgpTriangulatorBase::SparseEdgeDataPolicy<hkgpTriangulatorBase::DefaultEdgeData<hkContainerHeapAllocator>,hkContainerHeapAllocator>,-1,4,15,0>::Insertion *res"
0x140511FD0,CachedContentCrypto::Cipher_AESDecryptStream,,0x140DEBC60,medium,3.017,0.338,5 shared rare constants; struct_sim=0.68,"__int64 __fastcall(CachedContentCrypto *this, const cccAESKey_t *inKey, CachedContentIOStreamBase *cipherStream, CachedContentIOStreamBase *plainStream, unsigned int expectedPlainStreamSize)"
0x140EABB80,bfx::create_mspace_with_base,,0x142A07990,medium,3.012,0.697,4 shared rare constants; struct_sim=0.94,"malloc_state *__fastcall(void *base, unsigned __int64 capacity, int fixed)"
0x1414180A0,hkMonitorStreamAnalyzer::getTimerLimits,,0x142BA0DC0,medium,3.012,3.012,1 shared matched global; 3 shared rare constants; struct_sim=0.87,"void __usercall(const hkArrayBase<hkMonitorStreamAnalyzer::ThreadRootNodes> *perThreadNodes@<rcx>, const hkMonitorStreamAnalyzer::ThreadDrawInput *input@<rdx>, hkArray<hkArray<hkMonitorStreamFrameInfo,hkContainerHeapAllocator>,hkContainerHeapAllocator> *frameInfos@<r8>, long double *maxFrameTime@<r9>, __int128 _XMM1@<xmm1>, __int128 _XMM2@<xmm2>, __int128 _XMM6@<xmm6>, __int128 _XMM7@<xmm7>, __int128 _XMM8@<xmm8>, __int128 _XMM9@<xmm9>, __int128 _XMM10@<xmm10>, hkArray<double,hkContainerHeapAllocator> *startTimes)"
0x140EA0DE0,lj_strscan_scan,,0x1438087E0,medium,2.998,2.998,1 mapped callee(s) in common; 2 shared rare constants; struct_sim=0.60,"__int64 __usercall@<rax>(const char *p@<rcx>, TValue *o@<rdx>, unsigned int opt@<r8d>, __int128 _XMM0@<xmm0>, __int128 *@<xmm4>)"
0x140BB8AE0,MSG_CheckFields,,0x141425320,medium,2.995,2.995,callee set overlaps: 2/2 mapped callees (jaccard 0.67); struct_sim=0.44,void()
0x140E2D000,R_AddDObjSurfacesCamera,,0x140B0AD20,medium,2.986,1.083,1 shared string literal; 2 shared rare constants; struct_sim=0.64,"__int64 __fastcall(const GfxViewInfo *viewInfo, const GfxSceneEntity *sceneEnt, const unsigned int sceneEntIndex, const GfxModelLightingProbeInfo *lightingInfo, GfxDrawSurf **drawSurfs, GfxDrawSurf **lastDrawSurfs)"
0x140E30550,R_AddXModelSurfacesCamera,,0x140B0CD40,medium,2.984,1.191,1 shared string literal; 2 shared rare constants; struct_sim=0.63,"__int64 __fastcall(const GfxViewInfo *viewInfo, const XModelDrawInfo *modelInfo, const XModel *model, const DObj *obj, const vec3_t *origin, const GfxModelLightingProbeInfo *lightingInfo, int depthHack, GfxDrawSurf **drawSurfs, GfxDrawSurf **lastDrawSurfs, const unsigned __int16 mapEntLookup, XModelThermalMode thermalMode, unsigned int renderFlags, unsigned __int16 baseGfxEntityDataID, const GfxModelDecalVolumeGridInfo *decalVolumeGridInfo)"
0x141372250,hkgpCgoInternal::analyze,,0x1439491E0,medium,2.978,0.989,4 shared rare constants; struct_sim=0.92,"void __fastcall(hkgpCgoInternal *this, hkArray<hkgpCgo::ClusterData,hkContainerHeapAllocator> *clusters)"
0x1413DCEC0,hknpHybridBroadPhaseUtils::buildLeaf,,0x142F01970,medium,2.972,0.464,4 shared rare constants; struct_sim=0.91,"void __fastcall(hknpHybridAabbTree<hknpBodyId,unsigned int,hkAabb16ext> *tree, const hkAabb24_16_24_Codec *codec, unsigned int nodeIdx, hknpBody *bodies, hknpBodyId *ids, int numObjects)"
0x1410F9D90,hkSerialize::Detail::TagfileBundle::getItems,,0x142B32740,medium,2.971,0.849,4 shared rare constants; struct_sim=0.91,"__int64 __fastcall(hkSerialize::Detail::TagfileBundle *this, hkArray<hkSerialize::Bundle::Item,hkContainerHeapAllocator> *out)"
0x140CE2D10,TrajectoryEstimateDesiredInAirTime,,0x141826240,medium,2.97,0.495,callee set overlaps: 2/3 mapped callees (jaccard 0.67); struct_sim=0.42,"float __usercall@<xmm0>(const vec3_t *startPos@<rcx>, const vec3_t *endPos@<rdx>, __int128 velocity@<xmm2>, __int128 gravity@<xmm3>, __int128 _XMM6@<xmm6>, __int128 _XMM7@<xmm7>, __int128 _XMM8@<xmm8>, __int128 _XMM9@<xmm9>, __int128 _XMM10@<xmm10>)"
0x140DC0910,Live_AddBandwidthSample,,0x1426695F0,medium,2.967,2.967,4 shared rare constants; struct_sim=0.91,"char __usercall@<al>(int downloadRate@<ecx>, int uploadRate@<edx>, __int128 _XMM0@<xmm0>)"
0x140052070,TBA_ComputePitch,,0x141D8FC10,medium,2.966,0.478,callee set overlaps: 2/3 mapped callees (jaccard 0.67); struct_sim=0.42,"float __usercall@<xmm0>(unsigned int cageId@<ecx>, int planeIndex@<edx>, const vec3_t *entityFw@<r8>, const vec3_t *entityUp@<r9>, __int128 *__struct_ptr _XMM6@<xmm6>, __int128 *__struct_ptr _XMM7@<xmm7>, __int128 *__struct_ptr _XMM8@<xmm8>, const vec3_t *bonePosWs, const vec3_t *lastBonePosWs)"
0x141058AA0,VhknpCollisionQueryCollector::U?$AabbOverlaps::$0A::aabbOverlaps_Trampoline,,0x142F5CF50,medium,2.953,1.094,5 shared rare constants; struct_sim=0.64,"void __usercall(const hkcdSimdTree *tree@<rcx>, const hkcdSimdTree::TransposedAabb *aabbT@<rdx>, hknpExternMeshShapeInternals::AabbOverlaps<hknpCollisionQueryCollector> *query@<r8>, unsigned int root@<r9d>, __int128 _XMM6@<xmm6>, __m256i _YMM0@<ymm0>)"
0x1413A42E0,hkXmlStreamParser::parseReal,,0x142C08B50,medium,2.92,0.882,5 shared rare constants; struct_sim=0.61,"hkResult __fastcall(const hkStringView *subString, float *valueOut)"
0x140F7E360,hkcdPlanarSolid::buildConvex,,0x1439C57B0,medium,2.92,0.373,4 shared rare constants; struct_sim=0.88,"void __fastcall(hkcdPlanarSolid *this, const hkHandle<unsigned int,268435455,hkcdPlanarGeometryPrimitives::PlaneIdDiscriminant> *planesIn, int numPlanes)"
0x141189540,tt_size_reset,,0x1430BFF60,medium,2.896,2.896,2 shared rare constants; struct_sim=1.00,__int64 __fastcall(TT_SizeRec_ *size)
0x14141A9D0,outputStatsForFrame,,0x142BA6AF0,medium,2.895,1.661,caller set overlaps: 2/2 mapped callers (jaccard 1.00); 1 shared rare constant; struct_sim=0.86,"void __usercall(hkMonitorStreamAnalyzer::Node *root@<rcx>, __int128 *__struct_ptr startTime@<xmm1>, __int128 *__struct_ptr timeInc@<xmm2>, int maxFrames@<r9d>, __int128 *__struct_ptr _XMM6@<xmm6>, __int128 *__struct_ptr _XMM7@<xmm7>, __int128 *__struct_ptr _XMM8@<xmm8>, __int128 *__struct_ptr _XMM9@<xmm9>, hkArray<hkMonitorStreamAnalyzer::Node *,hkContainerHeapAllocator> *timerNodesAtTicks, int absoluteTimeIndex)"
0x1411A1FD0,pcf_read_TOC,,0x1430DEA30,medium,2.892,2.892,2 shared rare constants; struct_sim=0.99,"__int64 __fastcall(FT_StreamRec_ *stream, PCF_FaceRec_ *face)"
0x1406F75B0,XPak_BuildEntryInfo,,0x1419E5A40,medium,2.879,0.773,4 shared rare constants; struct_sim=0.85,void(void)
0x1406A1C60,GetActivePartyXUID,,0x14246DF00,medium,2.869,2.869,caller set overlaps: 2/2 mapped callers (jaccard 1.00); 1 shared matched global; struct_sim=0.78,"XUID *__fastcall(XUID *result, const int memberIndex)"
0x140EE1ED0,bfx::XGraphImpl::CoreFindPath,,0x142A96A00,medium,2.866,1.502,4 shared rare constants; struct_sim=0.84,"bfx::XNode *__usercall@<rax>(bfx::XGraphImpl *this@<rcx>, const bfx::Vec3 *startPos@<rdx>, bfx::Area *pStartArea@<r8>, const bfx::Vec3 *goalPos@<r9>, __int128 _XMM0@<xmm0>, __int128 _XMM6@<xmm6>, bfx::Area *pGoalArea, const bfx::PathSpec *pathSpec, bfx::TableOfSearchData<bfx::XNodeSearchData> *pTableOfXSD)"
0x141186D80,ft_var_load_gvar,,0x1430BCED0,medium,2.866,2.866,2 shared rare constants; struct_sim=0.98,int __fastcall(TT_FaceRec_ *face)
0x141159040,hkGeometryUtils::optimizeMemoryLayout,,0x142DF00D0,medium,2.859,0.598,4 shared rare constants; struct_sim=0.84,"void __fastcall(hkGeometry *geometry, hkArray<int,hkContainerHeapAllocator> *vertexMap, hkArray<int,hkContainerHeapAllocator> *triangleMap)"
0x1412F6DA8,lj_strfmt_wfnum,,0x14382C180,medium,2.858,0.544,4 shared rare constants; struct_sim=0.84,"char *__usercall@<rax>(SBuf *sb@<rcx>, unsigned int sf@<edx>, __int128 *__struct_ptr n@<xmm2>, char *p@<r9>, __int128 *__struct_ptr _XMM0@<xmm0>, __int128 *__struct_ptr _XMM6@<xmm6>)"
0x14134CBE0,?0hkgpMesh,,0x143924DF0,medium,2.848,2.848,4 shared rare constants; struct_sim=0.83,void __fastcall(hkgpMesh *this)
0x1409C3600,LUI_LuaCall_LUIElement_SetupFrontendCameraMover_impl,,0x1425CF9F0,medium,2.842,0.802,1 mapped callee(s) in common; 2 shared rare constants; struct_sim=0.49,"__int64 __usercall@<rax>(lua_State *const luaVM@<rcx>, __int128 *__struct_ptr _XMM0@<xmm0>)"
0x140E30360,R_AddXModelSurfaces,,0x140B0C3B0,medium,2.837,1.605,1 shared string literal; 2 shared rare constants; struct_sim=0.53,"GfxDrawSurf *__fastcall(const XModelDrawInfo *modelInfo, const XModel *model, MaterialTechniqueType techType, GfxDrawSurf *drawSurf, GfxDrawSurf *lastDrawSurf, const vec3_t *origin, GfxSceneViewType sceneViewType)"
0x14117A9B0,af_cjk_metrics_init_blues,,0x1430ADE00,medium,2.829,2.829,2 shared rare constants; struct_sim=0.95,"void __fastcall(AF_CJKMetricsRec_ *metrics, FT_FaceRec_ *face, const unsigned int (*blue_chars)[2][32])"
0x140BD6AE0,ScriptableCl_AreaScriptables,,0x1414A6AA0,medium,2.818,0.827,4 shared rare constants; struct_sim=0.81,"__int64 __usercall@<rax>(const ScriptableContext context@<ecx>, const Bounds *bounds@<rdx>, unsigned int *entityList@<r8>, ScriptableLinkType *typeList@<r9>, __int128 _XMM6@<xmm6>, vec3_t *closestPoints, unsigned int maxcount)"
0x141356600,hkgpMesh::generateEmptySpaceSamples,,0x143934E10,medium,2.801,0.346,4 shared rare constants; struct_sim=0.80,"void __usercall(hkgpMesh *this@<rcx>, int maxOctreeDepth@<edx>, __int128 scaling@<xmm2>, hkArray<hkVector4f,hkContainerHeapAllocator> *samplesOut@<r9>, __int128 _XMM0@<xmm0>, __int128 _XMM1@<xmm1>, __int128 _XMM6@<xmm6>, __int128 _XMM7@<xmm7>, __int128 _XMM8@<xmm8>, __int128 _XMM9@<xmm9>, __int128 _XMM10@<xmm10>, __int128 _XMM11@<xmm11>, bool negate)"
0x141109510,?0hkpLimitedHingeConstraintData,,0x143087DF0,medium,2.797,0.676,4 shared rare constants; struct_sim=0.80,void __fastcall(hkpLimitedHingeConstraintData *this)
0x140F36890,hkDebugDisplayHandler::displayModelSpacePose,,0x142C302C0,medium,2.781,1.502,4 shared rare constants; struct_sim=0.79,"_DWORD *__usercall@<rax>(hkDebugDisplayHandler *this@<rcx>, unsigned __int64 id@<rdx>, __int64 numTransforms@<r8>, const __int16 *parentIndices@<r9>, __int128 _XMM0@<xmm0>, __int128 _XMM6@<xmm6>, __int128 _XMM7@<xmm7>, __int128 _XMM8@<xmm8>, __int128 _XMM9@<xmm9>, __int128 _XMM10@<xmm10>, __int128 _XMM11@<xmm11>, __int128 _XMM12@<xmm12>, __int128 _XMM13@<xmm13>, __int128 _XMM14@<xmm14>, __int128 _XMM15@<xmm15>, const hkQsTransformf *modelSpacePose, const hkQsTransformf *worldFromModel, const hkQsTransformf *color, int tag, int)"
0x14109EEA0,?0hknpWorldCinfo,,0x142EDE150,medium,2.776,0.956,4 shared rare constants; struct_sim=0.78,"void __usercall(hknpWorldCinfo *this@<rcx>, __m256i _YMM0@<ymm0>)"
0x14052C400,Online_PatchStreamer::PerformStartupPatchManifestProcessing_Internal,,0x140E24200,medium,2.772,0.26,4 shared rare constants; struct_sim=0.78,"char __fastcall(Online_PatchStreamer *this, const CCSPatchType patchType)"
0x14136C830,hkgpCgo::optimize,,0x14391C2D0,medium,2.737,0.836,5 shared rare constants; struct_sim=0.49,"void __usercall(const hkgpCgo::Config *config@<rcx>, hkGeometry *geometry@<rdx>, hkgpCgo::IProgress *progress@<r8>, hkArray<hkgpCgo::ClusterData,hkContainerHeapAllocator> *clusters@<r9>, __int128 _XMM0@<xmm0>, __int128 _XMM6@<xmm6>, __int128 _XMM7@<xmm7>, __int128 _XMM8@<xmm8>, __int128 _XMM9@<xmm9>)"
0x14072A7B0,PM_Weapon_OffHandPrepare,,0x1410B76B0,medium,2.736,1.488,caller set overlaps: 2/2 mapped callers (jaccard 1.00); 1 shared rare constant; struct_sim=0.76,"__int64 __usercall@<rax>(pmove_t *pm@<rcx>, __int128 *__struct_ptr _XMM0@<xmm0>)"
0x1412E862C,init_error_limit,,0x143874F80,medium,2.73,0.451,4 shared rare constants; struct_sim=0.75,void __fastcall(jpeg_decompress_struct *cinfo)
0x14115E9F0,UhknpCharacterProxyCinfo::$0EA::ExplicitWrapper::func,,0x142EB2680,medium,2.724,0.44,4 shared rare constants; struct_sim=0.75,"void __usercall(void *p@<rcx>, const hkReflect::Type *__formal@<rdx>, int num@<r8d>, __int128 _XMM1@<xmm1>)"
0x140487610,BG_PlayerToEntity_SetMisc,,0x141020100,medium,2.722,0.536,4 shared rare constants; struct_sim=0.75,"void __usercall(BgWeaponMap *weaponMap@<rcx>, const playerState_s *ps@<rdx>, entityState_t *s@<r8>, const BgHandler *handler@<r9>, __int128 *__struct_ptr _XMM0@<xmm0>, __int128 *__struct_ptr _XMM6@<xmm6>)"
0x1413F3080,hknpCollision2DFastProcessUtil::collideWithInteriorTriangle,,0x143A13F40,medium,2.722,0.734,4 shared rare constants; struct_sim=0.75,"__int64 __usercall@<rax>(const hknpSimulationThreadContext *tl@<rcx>, const hknpModifierSharedData *sharedData@<rdx>, const hknpConvexConvexManifoldGenerator::Input *dinput@<r8>, const hknpCdBody *cdBodyA@<r9>, __int128 _XMM6@<xmm6>, __int128 _XMM7@<xmm7>, __int128 _XMM8@<xmm8>, __int128 _XMM9@<xmm9>, __int128 _XMM10@<xmm10>, __int128 _XMM11@<xmm11>, __int128 _XMM12@<xmm12>, __int128 _XMM13@<xmm13>, __int128 _XMM14@<xmm14>, __int128 _XMM15@<xmm15>, const hknpCdBody *cdBodyB, hknpGskCollisionCache *cache, hknpManifold *manifoldOut)"
0x141160740,UhknpParticlesAabbOverlapsQuery::$0A::aabbOverlaps_Trampoline,,0x142FD89C0,medium,2.711,0.401,5 shared rare constants; struct_sim=0.47,"void __fastcall(const hkcdSimdTree *tree, const hkcdSimdTree::TransposedAabb *aabbT, hknpParticlesAabbOverlapsQuery *query, unsigned int root)"
0x140E162F0,R_PreSkinXSurface,,0x142230BA0,medium,2.702,2.702,3 shared rare constants; struct_sim=0.60,"int __usercall@<eax>(const DObj *obj@<rcx>, XSurface *surf@<rdx>, const GfxModelBaseSurface *surfaceInfo@<r8>, SkinningLocalContext *skinningContext@<r9>, __int128 *@<xmm6>, __int128 *@<xmm7>, __int128 *@<xmm8>, __int128 *@<xmm9>, __int128 *@<xmm10>, __int128 *@<xmm11>, __int128 *@<xmm12>, __int128 *@<xmm13>, __int128 *@<xmm14>, __int128 *@<xmm15>, char *surfPos, GfxMotionBlurSurfBuildInfo *mbBuildInfo)"
0x1412BC190,__security_init_cookie,,0x1438B1484,medium,2.7,1.11,3 shared rare constants; struct_sim=1.00,void __cdecl()
0x1410BA260,?0hknpVehicleLinearCastWheelCollide,,0x142FA9B60,medium,2.7,1.034,3 shared rare constants; struct_sim=1.00,void __fastcall(hknpVehicleLinearCastWheelCollide *this)
0x141196650,cff_index_forget_element,,0x1430D0380,medium,2.7,2.7,caller set overlaps: 2/2 mapped callers (jaccard 1.00); struct_sim=1.00,"void __fastcall(CFF_IndexRec_ *idx, char **pbytes)"
0x1411A6280,t1_cmap_std_init,,0x1430E3CB0,medium,2.7,2.7,caller set overlaps: 2/2 mapped callers (jaccard 1.00); struct_sim=1.00,"void __fastcall(T1_CMapStdRec_ *cmap, int is_expert)"
0x140F19D10,s_convertFileNameToNative,,0x142C167E0,medium,2.7,0.743,caller set overlaps: 2/2 mapped callers (jaccard 1.00); struct_sim=1.00,void __fastcall(hkStringBuf *filename)
0x140E83750,deflateEnd,,0x1437C9850,medium,2.696,2.696,3 shared rare constants; struct_sim=1.00,__int64 __fastcall(z_stream_s *strm)
0x140ED6130,bfx::IslandGraph::CreateIsland,,0x142A65C20,medium,2.695,0.578,3 shared rare constants; struct_sim=1.00,"char __fastcall(bfx::IslandGraph *this, bfx::Area *pStartArea, bfx::Array<bfx::Area *> *pOutsideLimitsAreas)"
0x14135D4D0,UhkContainerHeapAllocator::hkgpTriangulatorType::UEdge::clearEdgeData,,0x143923300,medium,2.694,0.598,3 shared rare constants; struct_sim=1.00,"void __fastcall(hkgpTriangulatorBase::SparseEdgeDataPolicy<hkgpTriangulatorBase::DefaultEdgeData<hkContainerHeapAllocator>,hkContainerHeapAllocator> *this, const hkgpTriangulatorType<hkContainerHeapAllocator,hkgpTriangulatorBase::VertexBase,hkgpTriangulatorBase::TriangleBase,hkgpTriangulatorBase::DefaultEdgeData<hkContainerHeapAllocator>,hkgpTriangulatorBase::SparseEdgeDataPolicy<hkgpTriangulatorBase::DefaultEdgeData<hkContainerHeapAllocator>,hkContainerHeapAllocator>,-1,4,15,0>::Edge *edge)"
0x140C08A60,Scr_SetRelativeCodepos,,0x1415215B0,medium,2.693,0.492,1 shared matched global; 2 shared rare constants; struct_sim=0.93,"void __fastcall(char *codePos, const char *pos)"
0x1413A4A90,hkFloatParseUtil::getFloatType,,0x142C14810,medium,2.693,1.598,3 shared rare constants; struct_sim=1.00,__int64 __usercall@<rax>(__int128 f@<xmm0>)
0x140F8F3B0,hkcdConvexCellsTree3D::remapTriangleProviderIds,,0x1439DDBC0,medium,2.689,0.418,3 shared rare constants; struct_sim=0.99,"void __fastcall(hkcdConvexCellsTree3D *this, const hkArray<hkcdPlanarGeometryPolygonCollection::TriangleProviderId,hkContainerHeapAllocator> *triSrcIdRemap)"
0x140EC8FA0,bfx::CreateAllocatedArea,,0x142A4AE20,medium,2.686,1.382,3 shared rare constants; struct_sim=0.99,"bfx::Area *__usercall@<rax>(const bfx::Vec3 *vertArray@<rcx>, int numVerts@<edx>, unsigned int planLayer@<r8d>, int graphIndex@<r9d>, __int128 _XMM0@<xmm0>, __int128 _XMM6@<xmm6>, unsigned int userData, unsigned int staticCostMult, bool isFull3D)"
0x140E87520,send_all_trees,,0x1437CF320,medium,2.679,0.286,3 shared rare constants; struct_sim=0.99,"void __fastcall(internal_state *s, int lcodes, int dcodes, int blcodes)"
0x1403D7020,CG_Particle_CreateFxPhysicsObjects,,0x141FD6140,medium,2.677,0.538,4 shared rare constants; struct_sim=0.72,"void __usercall(LocalClientNum_t localClientNum@<ecx>, __int128 *__struct_ptr _XMM0@<xmm0>, __int128 *__struct_ptr _XMM6@<xmm6>, __int128 *__struct_ptr _XMM7@<xmm7>, __int128 *__struct_ptr _XMM8@<xmm8>)"
0x140FA4DC0,_anonymous_namespace_::hkWeldVertices,,0x142DEFD10,medium,2.677,2.677,2 shared rare constants; struct_sim=0.85,"void __usercall(const hkArray<hkVector4f,hkContainerHeapAllocator> *vertsIn@<rcx>, hkArray<hkVector4f,hkContainerHeapAllocator> *uniqueVerts@<rdx>, hkArray<int,hkContainerHeapAllocator> *remap@<r8>, hkArrayBase<hk1AxisSweep::AabbInt> *vertAabbs@<r9>, __int128 *__struct_ptr _XMM6@<xmm6>, __int128 *__struct_ptr _XMM7@<xmm7>, hkArrayBase<hkRadixSort::SortData32T<unsigned int> > *sortData, hkArrayBase<hk1AxisSweep::AabbInt> *tempAabbs, float tol)"
0x141339880,_anonymous_namespace_::_expandHull,,0x1438F6540,medium,2.666,0.35,2 shared rare constants; struct_sim=0.84,"hkSimdFloat32 *__usercall@<rax>(hkSimdFloat32 *result@<rcx>, hkgpConvexHull *hull@<rdx>, const hkArrayBase<hkVector4f> *newPlanes@<r8>, const hkArrayBase<hkVector4f> *originalVertices@<r9>, __int128 *__struct_ptr _XMM6@<xmm6>, __int128 *__struct_ptr _XMM7@<xmm7>, __int128 *__struct_ptr _XMM8@<xmm8>, __int128 *__struct_ptr _XMM9@<xmm9>, __int128 *__struct_ptr _XMM10@<xmm10>, __int128 *__struct_ptr _XMM11@<xmm11>, __int128 *__struct_ptr _XMM12@<xmm12>, __int128 *__struct_ptr _XMM13@<xmm13>, __int128 *__struct_ptr _XMM14@<xmm14>, __int128 *__struct_ptr _XMM15@<xmm15>, const hkVector4f *com, const hkSimdFloat32 *scaleOffset, hkArray<hkVector4f,hkContainerTempAllocator> *expandedVerticesOut)"
0x140F21B50,hkBufferedStreamReader::peek,,0x142C16F90,medium,2.661,0.575,3 shared rare constants; struct_sim=0.97,"__int64 __fastcall(hkBufferedStreamReader *this, void *buf, int nbytes)"
0x140DCDFC0,R_EmitDelayedSModelSurfsRemaining,,0x142201EA0,medium,2.655,0.391,caller set overlaps: 2/2 mapped callers (jaccard 1.00); struct_sim=0.97,void __fastcall(GfxSModelSurfBuildList *buildListArray)
0x140F21750,hkMT19937RandomGenerator::getRand,,0x142C134E0,medium,2.644,1.11,3 shared rare constants; struct_sim=0.96,__int64 __fastcall(hkMT19937RandomGenerator *this)
0x140EE0C10,bfx::XGraphImpl::AddConnections,,0x142A94C90,medium,2.629,1.064,3 shared rare constants; struct_sim=0.95,"void __usercall(bfx::XGraphImpl *this@<rcx>, bfx::EdgeCursor *srcCC@<rdx>, int srcSubdivIndex@<r8d>, char **pCur@<r9>, __int128 _XMM6@<xmm6>, __int128 _XMM7@<xmm7>, __int128 _XMM8@<xmm8>, unsigned int *numConnections)"
0x14070A220,Slide_End,,0x141076590,medium,2.628,0.978,1 shared matched global; 3 shared rare constants; struct_sim=0.62,"void __usercall(pmove_t *pm@<rcx>, pml_t *pml@<rdx>, const SlideEndReason slideEndReason@<r8d>, __int128 *@<xmm0>, __int128 *@<xmm6>)"
0x14118E030,T1_Parse_Glyph_And_Get_Char_String,,0x1430C5C30,medium,2.626,2.626,caller set overlaps: 2/2 mapped callers (jaccard 1.00); struct_sim=0.95,"__int64 __fastcall(T1_DecoderRec_ *decoder, unsigned int glyph_index, FT_Data_ *char_string)"
0x1410920E0,hknpConvexShape::?0BuildConfig,,0x142ED0E10,medium,2.62,0.677,3 shared rare constants; struct_sim=0.95,void __fastcall(hknpConvexShape::BuildConfig *this)
0x1410E57A0,hknpMaterial::synchronizeFlags,,0x142FC2270,medium,2.615,1.67,3 shared rare constants; struct_sim=0.94,"void __usercall(hknpMaterial *this@<rcx>, __int128 _XMM1@<xmm1>)"
0x141054F90,UhknpShapeKeyDiscriminant::I$0PPPPPPPP::U?$hkHandle::V?$hkArray::U?$AabbOverlaps::$0A::aabbOverlaps_Trampoline,,0x142F5B860,medium,2.614,0.303,4 shared rare constants; struct_sim=0.68,"void __fastcall(const hkcdSimdTree *tree, const hkcdSimdTree::TransposedAabb *aabbT, hknpExternMeshShapeInternals::AabbOverlaps<hkArray<hkHandle<unsigned int,4294967295,hknpShapeKeyDiscriminant>,hkContainerHeapAllocator> > *query, unsigned int root)"
0x140C64450,SV_BuildClientSnapshot_PopulateClientSnapWithServerSnap,,0x1416A83B0,medium,2.608,0.368,1 shared matched global; 2 shared rare constants; struct_sim=0.87,"void __fastcall(const int clientIndex, const serverSnapshot_t *const serverSnap, const SvSnapshotIdentifier *const snapInfo, clientSnapshot_t *const outNextSnap)"
0x140EABD60,init_mparams,,0x142A08060,medium,2.606,2.606,3 shared rare constants; struct_sim=0.94,__int64 __fastcall(malloc_params *mallocParams)
0x140E78E50,stbi__idct_block,,0x1438506A0,medium,2.599,1.255,3 shared rare constants; struct_sim=0.93,"void __fastcall(char *out, int out_stride, __int16 *data)"
0x1410A9D20,hknpShapeCollector::getTriangleShape,,0x142EE0D00,medium,2.599,0.296,4 shared rare constants; struct_sim=0.67,"hknpTriangleShape *__usercall@<rax>(hknpShapeCollector *this@<rcx>, int index@<edx>, hknpTriangleShape *triangleShapePrototype@<r8>, __int128 _XMM6@<xmm6>, __int128 _XMM7@<xmm7>, __int128 _XMM8@<xmm8>, __m256i _YMM3@<ymm3>)"
0x141113600,?0hkpLinearClearanceConstraintData,,0x14309AF30,medium,2.591,1.123,3 shared rare constants; struct_sim=0.93,void __fastcall(hkpLinearClearanceConstraintData *this)
0x141419E00,hkBuildSizePerName,,0x142BA1680,medium,2.587,2.587,2 shared rare constants; struct_sim=0.79,"void __fastcall(const hkMonitorStreamAnalyzer::Node *node, hkStringMap<hkMonitorStreamAnalyzerPrintByTypeInfo *,hkContainerHeapAllocator> *mapOut)"
0x140EC46E0,bfx::RemoveDynamicOverlayIfAppropriate,,0x142A41590,medium,2.581,0.603,3 shared rare constants; struct_sim=0.92,"void __usercall(bfx::Area *pStaticArea@<rcx>, bool normalPathingEnabled@<dl>, __int128 _XMM6@<xmm6>, __int128 _XMM7@<xmm7>, __int128 _XMM8@<xmm8>, __int128 _XMM9@<xmm9>)"
0x14123C470,bdSecurityInfo::toString,,0x14006240E,medium,2.557,0.6,caller set agrees: 3/3 mapped callers (jaccard 1.00); struct_sim=0.50,"unsigned int __fastcall(const bdSecurityID *id, char *buffer, unsigned int len)"
0x14051B020,Online_ErrorReporting::ReportError,,0x14004E620,medium,2.557,2.557,caller set agrees: 3/4 mapped callers (jaccard 0.75); struct_sim=0.50,"void __fastcall(Online_ErrorReporting *this, Online_Error_CAT_CCS_t errorCode, const char *contextString)"
0x14135D810,UhkContainerHeapAllocator::hkgpTriangulatorType::getEdgeData,,0x143935E60,medium,2.556,0.639,3 shared rare constants; struct_sim=0.90,"const hkgpTriangulatorBase::DefaultEdgeData<hkContainerHeapAllocator> *__fastcall(hkgpTriangulatorType<hkContainerHeapAllocator,hkgpTriangulatorBase::VertexBase,hkgpTriangulatorBase::TriangleBase,hkgpTriangulatorBase::DefaultEdgeData<hkContainerHeapAllocator>,hkgpTriangulatorBase::SparseEdgeDataPolicy<hkgpTriangulatorBase::DefaultEdgeData<hkContainerHeapAllocator>,hkContainerHeapAllocator>,-1,4,15,0> *this, const hkgpTriangulatorType<hkContainerHeapAllocator,hkgpTriangulatorBase::VertexBase,hkgpTriangulatorBase::TriangleBase,hkgpTriangulatorBase::DefaultEdgeData<hkContainerHeapAllocator>,hkgpTriangulatorBase::SparseEdgeDataPolicy<hkgpTriangulatorBase::DefaultEdgeData<hkContainerHeapAllocator>,hkContainerHeapAllocator>,-1,4,15,0>::Edge *edge)"
0x14108C960,UhknpShapeInstance::hkFreeListArray::grow,,0x142E815F0,medium,2.545,0.506,3 shared rare constants; struct_sim=0.90,"void __fastcall(hkFreeListArray<hknpShapeInstance,hkHandle<unsigned short,65535,hknpShapeInstanceIdDiscriminant>,8,hknpShapeInstance> *this, int growth)"
0x140B16F90,HECmd_SetMLGDraw,,0x14129AA10,medium,2.536,0.719,3 shared rare constants; struct_sim=0.89,"void __fastcall(scrContext_t *scrContext, scr_entref_t entref)"
0x14044D290,G_VehicleScriptMP_SetDroneTurnParams,,0x140D95080,medium,2.516,0.92,3 shared rare constants; struct_sim=0.88,"void __usercall(scrContext_t *scrContext@<rcx>, scr_entref_t entref@<rdx>, __int128 _XMM0@<xmm0>)"
0x1400F32F0,InvitationHSM_base::HSM_StateFunction_st_wait_for_permissions_check_retry,,0x142650CD0,medium,2.514,1.001,3 shared rare constants; struct_sim=0.88,"__int64 __fastcall(InvitationHSM_base *this, InvitationHSM_base::eHSMEvents event)"
0x140578DE0,HavokPhysics_GetInstantiatiationPenetrationDepthForAsset,,0x141B467B0,medium,2.512,0.892,4 shared rare constants; struct_sim=0.61,"float __usercall@<xmm0>(Physics_WorldId worldId@<ecx>, const PhysicsAsset *physicsAsset@<rdx>, const hkVector4f *position@<r8>, const hkQuaternionf *orientation@<r9>, __int128 _XMM6@<xmm6>, __int128 _XMM7@<xmm7>, __int128 _XMM8@<xmm8>, __int128 _XMM9@<xmm9>, __int128 _XMM10@<xmm10>, __int128 _XMM11@<xmm11>, Physics_InstantiateShapeOverride *shapeOverride, int ignoreSystems)"
0x14071B080,PM_GetWeaponAltFireButton,,0x1410986B0,medium,2.5,1.235,caller set overlaps: 2/2 mapped callers (jaccard 1.00); struct_sim=0.87,"unsigned __int64 __fastcall(const pmove_t *pm, const Weapon *weapon, PlayerHandIndex hand, bool fromGamepad)"
0x14071C250,PM_SetWeaponReloadAddAmmoDelay,,0x14109AC80,medium,2.497,0.368,caller set overlaps: 2/2 mapped callers (jaccard 0.67); struct_sim=0.86,"void __fastcall(const BgWeaponMap *weaponMap, playerState_s *ps, const BgHandler *pmoveHandler, PlayerHandIndex hand, int isSecondRound)"
0x14072E150,PM_Weapon_ShouldSwitchWeaponsAfterFire,,0x1410BD400,medium,2.468,2.468,caller set overlaps: 2/2 mapped callers (jaccard 1.00); struct_sim=0.85,"bool __fastcall(const BgWeaponMap *weaponMap, const playerState_s *ps)"
0x141185F50,TT_Save_Context,,0x1430BBD30,medium,2.462,2.462,caller set overlaps: 2/2 mapped callers (jaccard 1.00); struct_sim=0.84,"__int64 __fastcall(TT_ExecContextRec_ *exec, TT_SizeRec_ *size)"
0x140F36EF0,hknpParticleContactViewer::worldAddedCallback,,0x143010820,medium,2.46,0.289,3 shared rare constants; struct_sim=0.84,"void __fastcall(hknpParticleContactViewer *this, hknpWorld *world)"
0x141113090,?0hkpHingeLimitsData,,0x14309D1C0,medium,2.455,0.854,3 shared rare constants; struct_sim=0.84,void __fastcall(hkpHingeLimitsData *this)
0x140EF36B0,bfx::?0NavigatorTune,,0x142AC4D80,medium,2.451,1.072,3 shared rare constants; struct_sim=0.83,"void __usercall(bfx::NavigatorTune *this@<rcx>, __int128 _XMM0@<xmm0>)"
0x140CBFD40,DevGui_InputUpdate,,0x141FA9E40,medium,2.449,0.575,4 shared rare constants; struct_sim=0.57,"bool __usercall@<al>(LocalClientNum_t localClientNum@<ecx>, __int128 deltaTime@<xmm1>, bool disableMouseNavigation@<r8b>, __int128 _XMM6@<xmm6>, __int128 _XMM7@<xmm7>, __int128 _XMM8@<xmm8>, __int128 _XMM9@<xmm9>, __int128 _XMM10@<xmm10>, __int128 _XMM11@<xmm11>, __int128 _XMM12@<xmm12>, __int128 _XMM13@<xmm13>)"
0x14108CBF0,hknpCompoundShape::addInstances,,0x142E7AEB0,medium,2.446,0.45,3 shared rare constants; struct_sim=0.83,"void __fastcall(hknpCompoundShape *this, const hknpShapeInstance *instances, int numInstances, hkHandle<unsigned short,65535,hknpShapeInstanceIdDiscriminant> *instanceIdsOut)"
0x140D17620,ParticleState::OnImpactCB,,0x142804300,medium,2.425,0.515,1 shared matched global; 2 shared rare constants; struct_sim=0.75,"void __usercall(Physics_SimpleCollisionCallback_Data *pPhysicsCBData@<rcx>, __int128 _XMM6@<xmm6>, __int128 _XMM7@<xmm7>)"
0x140CFE2A0,Com_IsSurfaceTypeBreakableGlass,,0x1418AD6D0,medium,2.411,0.26,3 shared rare constants; struct_sim=0.81,bool __fastcall(int surfFlag)
0x1403E02D0,AIScriptedInterface::GetCoverNodeMetricParams,,0x140C60C00,medium,2.408,0.392,4 shared rare constants; struct_sim=0.54,"void __fastcall(AIScriptedInterface *this, CoverNodeMetricParams *metricParams)"
0x1412C43BC,hkImageConversion_FLOAT_to_R11G11B10::convertPixels,,0x142E10540,medium,2.405,0.374,3 shared rare constants; struct_sim=0.80,"hkArrayView<void const > *__fastcall(hkImageConversion_FLOAT_to_R11G11B10 *this, hkArrayView<void const > *source, hkArrayView<void> *target, unsigned int **numElements, hkImageFormat::Enum sourceFormat, hkImageFormat::Enum targetFormat, hkImageFormat::Enum)"
0x14110FF80,hkp6DofConstraintData::updateDirtyAtoms,,0x14309A0F0,medium,2.403,2.403,3 shared rare constants; struct_sim=0.80,"__int64 __usercall@<rax>(hkp6DofConstraintData *this@<rcx>, __int128 _XMM6@<xmm6>, __int128 _XMM7@<xmm7>, __int128 _XMM8@<xmm8>, __int128 _XMM9@<xmm9>)"
0x140A87C60,Mark_ScriptStringCustom,,0x14004E1AC,medium,2.401,2.401,caller set agrees: 3/3 mapped callers (jaccard 1.00); struct_sim=0.40,void __fastcall(scr_string_t *var)
0x141205B60,lj_str_new,,0x143803D40,medium,2.399,0.322,3 shared rare constants; struct_sim=0.80,"GCstr *__fastcall(lua_State *L, const char *str, unsigned __int64 lenx)"
0x140DFD570,FontCache_GetCachedGlyph_Internal_Actual,,0x1422B6E50,medium,2.392,2.392,3 shared rare constants; struct_sim=0.79,"CachedGlyph *__usercall@<rax>(void *font@<rcx>, int height@<edx>, const int charCode@<r8d>, FontCacheFXFlags fxFlags@<r9d>, __int128 *__struct_ptr _XMM0@<xmm0>, __int128 *__struct_ptr _XMM6@<xmm6>, __int128 *__struct_ptr _XMM7@<xmm7>, __int128 *__struct_ptr _XMM8@<xmm8>, __int128 *__struct_ptr _XMM9@<xmm9>, bool allowMissingGlyph)"
0x140C202A0,SD_DecoderInit,,0x1426EE430,medium,2.388,0.27,3 shared rare constants; struct_sim=0.79,void __fastcall(sd_decoder *decoder)
0x141140020,hknp1dAngularFollowCamCinfo::?0CameraSet,,0x142FD6DD0,medium,2.387,0.256,3 shared rare constants; struct_sim=0.79,"void __usercall(hknp1dAngularFollowCamCinfo::CameraSet *this@<rcx>, __int128 _XMM1@<xmm1>)"
0x1407251C0,PM_Weapon_FinishRechamber,,0x1410ABD30,medium,2.377,2.377,caller set overlaps: 2/2 mapped callers (jaccard 1.00); 1 shared rare constant; struct_sim=0.52,"void __fastcall(playerState_s *ps, const Weapon *r_weapon, bool isAlternate, PlayerHandIndex hand, bool reachedEndOfRechamber)"
0x140B51150,GScr_CheckRocketEntity,,0x1413190C0,medium,2.372,2.372,caller set overlaps: 2/2 mapped callers (jaccard 1.00); struct_sim=0.78,"void __fastcall(scrContext_t *scrContext, gentity_s *missile)"
0x140D84B60,XAnimReadParameterValues,,0x14197E110,medium,2.371,0.914,3 shared rare constants; struct_sim=0.78,"void __usercall(XAnimTree *tree@<rcx>, MemoryFile *memFile@<rdx>, __int128 _XMM0@<xmm0>)"
0x141376540,_anonymous_namespace_::convertSerializeUtilToSerializeOptions,,0x1438D2610,medium,2.368,0.628,caller set overlaps: 2/2 mapped callers (jaccard 1.00); struct_sim=0.78,"hkSerialize::Load::VersioningOptions *__fastcall(hkSerialize::Load::VersioningOptions *result, hkFlags<enum hkSerializeUtil::LoadOptionBits,unsigned int> serializeUtilOptions)"
0x140EE27D0,bfx::XGraphImpl::ExpandNode,,0x142A97C60,medium,2.365,0.745,3 shared rare constants; struct_sim=0.78,"void __usercall(bfx::XGraphImpl *this@<rcx>, bfx::XNode *pNode@<rdx>, bfx::XNode *pNodeSD@<r8>, const bfx::Vec3 *goalPos@<r9>, __int128 _XMM0@<xmm0>, __int128 _XMM6@<xmm6>, __int128 _XMM7@<xmm7>, __int128 _XMM8@<xmm8>, __int128 _XMM9@<xmm9>, __int128 _XMM10@<xmm10>, __int128 _XMM11@<xmm11>, float goalPenaltyMult, const bfx::PathSpec *pathSpec, unsigned int maxScaledPathCost, bfx::BinaryHeap<bfx::XNode *,unsigned int> *openList)"
0x140482400,G_ClientSP_Spawn,,0x1420332B0,medium,2.363,0.397,3 shared rare constants; struct_sim=0.78,"void __usercall(gentity_s *ent@<rcx>, __int128 *@<xmm6>, __int128 *@<xmm7>)"
0x1412DDB58,R_TG_Barrier_BuildDecompressions,,0x142132030,medium,2.362,0.919,3 shared rare constants; struct_sim=0.77,"__int64 __fastcall(const GfxTaskGraph *taskGraph, const R_TG_Barrier *barriers, unsigned int queueIndex, GfxTaskInfoPacked *taskInfo, unsigned int *resourceCompressionMasks)"
0x1403BDEE0,gameLobbySessionHSM_base::HSM_StateFunction_st_updating_session_data,,0x14147E1B0,medium,2.354,0.521,3 shared rare constants; struct_sim=0.77,"__int64 __fastcall(gameLobbySessionHSM_base *this, gameLobbySessionHSM_base::eHSMEvents event)"
0x140ACB690,silk_PLC_conceal,,0x143527FC0,medium,2.336,0.407,3 shared rare constants; struct_sim=0.76,"void __fastcall(silk_decoder_state *psDec, silk_decoder_control *psDecCtrl, __int16 *frame, int arch)"
0x140E8FAE0,R_Umbra_ClearVisMask,,0x1421E3D30,medium,2.324,1.031,caller set overlaps: 2/2 mapped callers (jaccard 1.00); struct_sim=0.75,"void __fastcall(unsigned int sceneViewType, unsigned int viewInfoIndex)"
0x1407E7D60,OffsetHudElemY,,0x141CD0E10,medium,2.316,0.321,caller set overlaps: 2/2 mapped callers (jaccard 0.67); struct_sim=0.74,"float __usercall@<xmm0>(const hudelem_t *elem@<rcx>, const cg_hudelem_t *cghe@<rdx>, __int128 *__struct_ptr offsetY@<xmm2>, __int128 *__struct_ptr _XMM0@<xmm0>, __int128 *__struct_ptr _XMM1@<xmm1>, __int128 *__struct_ptr _XMM6@<xmm6>, __int128 *__struct_ptr _XMM7@<xmm7>, __int128 *__struct_ptr _XMM8@<xmm8>)"
0x1402560F0,CG_SnapshotMP_UpdateOmnvars,,0x141F0A760,medium,2.316,0.452,caller set overlaps: 2/2 mapped callers (jaccard 1.00); struct_sim=0.74,"void __fastcall(LocalClientNum_t localClientNum, const CgSnapshotMP *snap, const CgSnapshotMP *nextSnap)"
0x141338D90,hkgpConvexHull::?0BuildConfig,,0x1438F3940,medium,2.3,1.28,2 shared rare constants; struct_sim=1.00,void __fastcall(hkgpConvexHull::BuildConfig *this)
0x141219690,mp_mul_2d,,0x1437B95A0,medium,2.294,0.499,2 shared rare constants; struct_sim=1.00,"int __fastcall(mp_int *a, int b, mp_int *c)"
0x141218DD0,mp_montgomery_calc_normalization,,0x1437B8AC0,medium,2.292,0.32,2 shared rare constants; struct_sim=0.99,"int __fastcall(mp_int *a, mp_int *b)"
0x140F217D0,hkMT19937RandomGenerator::generateNumbers,,0x142C13400,medium,2.292,0.79,2 shared rare constants; struct_sim=0.99,void __fastcall(hkMT19937RandomGenerator *this)
0x1407497A0,PM_Weapon_RestoreOffhandUnderbarrelMode,,0x1410BC0C0,medium,2.29,2.29,caller set overlaps: 2/4 mapped callers (jaccard 0.50); struct_sim=0.73,"void __fastcall(const BgWeaponMap *weaponMap, playerState_s *ps, const OffhandUnderbarrelModeData *offhandUnderbarrelModeData)"
0x140C80700,Online_VideoStreaming::SourceReaderCallback::QueryInterface,,0x142691030,medium,2.285,1.049,2 shared rare constants; struct_sim=0.99,"__int64 __fastcall(Online_VideoStreaming::SourceReaderCallback *this, const _GUID *iid, void **outInterface)"
0x1400F35D0,dwLogOnHSM_base::HSM_StateFunction_st_win_cross_auth,,0x141B038C0,medium,2.285,0.518,3 shared rare constants; struct_sim=0.72,"__int64 __fastcall(dwLogOnHSM_base *this, dwLogOnHSM_base::eHSMEvents event)"
0x140F64CC0,hkcdBspImpl::generateSplittingPlane,,0x1439CBE40,medium,2.285,1.072,2 shared rare constants; struct_sim=0.59,"void __usercall(const hkcdPlanarGeometry *geom@<rcx>, const hkHandle<unsigned int,0,hkcdPlanarGeometryPolygonCollection::PolygonIdDiscriminant> *polygonIds@<rdx>, int numPolys@<r8d>, int numPlanes@<r9d>, __int128 *__struct_ptr _XMM1@<xmm1>, __int128 *__struct_ptr _XMM3@<xmm3>, __int128 *__struct_ptr _XMM6@<xmm6>, __int128 *__struct_ptr _XMM7@<xmm7>, __int128 *__struct_ptr _XMM8@<xmm8>, __int128 *__struct_ptr _XMM9@<xmm9>, __int128 *__struct_ptr _XMM10@<xmm10>, __int128 *__struct_ptr _XMM11@<xmm11>, hkcdPlanarGeometryPlanesCollection *planeCollection, hkcdBspImpl::AlignedPlaneFinder *alignedPlaneFinder, const hkHandle<unsigned int,4294967295,hkcdPlanarSolid::AabbIdDiscriminant> *nodeAabbId, hkHandle<unsigned int,4294967295,hkcdPlanarSolid::AabbIdDiscriminant> *leftNodeAabbId, hkHandle<unsigned int,4294967295,hkcdPlanarSolid::AabbIdDiscriminant> *rightNodeAabbId, hkHandle<unsigned int,268435455,hkcdPlanarGeometryPrimitives::PlaneIdDiscriminant> *splitPlaneIdOut, hkcdPlanarSolid::NodeStorage *nodeStorage)"
0x14118C470,T1_Load_Glyph,,0x1430C40A0,medium,2.279,0.278,2 shared rare constants; struct_sim=0.99,"__int64 __fastcall(FT_GlyphSlotRec_ *t1glyph, FT_SizeRec_ *t1size, unsigned int glyph_index, int load_flags)"
0x14108F000,$04$04$04$0BA::U?$Config::hknpGroupCollisionFilterBase::filterBodyPairs,,0x142E9D430,medium,2.266,0.679,2 shared rare constants; struct_sim=0.98,"__int64 __fastcall(hknpGroupCollisionFilterBase<hknpGroupCollisionFilterTypes::Config<5,5,5,16> > *this, const hknpWorld *world, hknpBodyIdPair *pairs, __int64 numPairs)"
0x140EA2EB0,Umbra::KDRankLUT::construct,,0x1429963B0,medium,2.263,0.39,3 shared rare constants; struct_sim=0.71,"void __fastcall(Umbra::KDRankLUT *this, const unsigned int *nodes)"
0x141113E20,?0hkpLinearParametricCurve,,0x143090860,medium,2.258,0.411,2 shared rare constants; struct_sim=0.97,void __fastcall(hkpLinearParametricCurve *this)
0x140262F80,CgVehicleSystemMP::FXTest,,0x141F16A00,medium,2.25,0.33,1 shared matched global; 2 shared rare constants; struct_sim=0.63,"void __usercall(CgVehicleSystemMP *this@<rcx>, const DObj *obj@<rdx>, centity_t *cent@<r8>, __int128 _XMM6@<xmm6>, __int128 _XMM7@<xmm7>, __int128 _XMM9@<xmm9>, __int128 _XMM10@<xmm10>, __int128 _XMM11@<xmm11>, __int128 _XMM12@<xmm12>, __int128 _XMM13@<xmm13>, __int128 _XMM14@<xmm14>)"
0x1400F39A0,dwLogOnHSM_base::HSM_StateFunction_st_dw_lobby_connect_start,,0x141B03F50,medium,2.247,1.147,3 shared rare constants; struct_sim=0.70,"__int64 __fastcall(dwLogOnHSM_base *this, dwLogOnHSM_base::eHSMEvents event)"
0x1400F58D0,DensityAnomaly,,0x140B82580,medium,2.226,2.226,2 shared rare constants; struct_sim=0.55,"long double __usercall@<xmm0>(int *arr@<rcx>, int size@<edx>, __int128 *__struct_ptr _XMM0@<xmm0>, __int128 *__struct_ptr _XMM1@<xmm1>)"
0x140EB9860,bfx::ObstacleHandle::GetObstacleDat,,0x142A23D80,medium,2.221,0.527,2 shared rare constants; struct_sim=0.95,"bfx::ObstacleDat *__fastcall(bfx::ObstacleHandle *this, bfx::ObstacleDat *result)"
0x1400B1610,Umbra::KDTree::LUTrank,,0x1429961E0,medium,2.22,0.362,3 shared rare constants; struct_sim=0.68,"__int64 __fastcall(Umbra::KDTree *this, int e_idx)"
0x1411EE600,bfx::VLinkConnectionData::Array::expand_cap,,0x142A8DFF0,medium,2.209,0.438,2 shared rare constants; struct_sim=0.94,"void __fastcall(bfx::Array<bfx::LinkConnectionData> *this, int size)"
0x1413A5220,DB_LoadHashLookupData,,0x14049AA80,medium,2.207,0.287,2 shared rare constants; struct_sim=0.94,void __fastcall(const char *zoneName)
0x14120F970,__rijndael_ecb_decrypt,,0x14379F270,medium,2.207,0.469,2 shared rare constants; struct_sim=0.94,"__int64 __fastcall(const char *ct, char *pt, Symmetric_key *skey)"
0x140C1A650,lj_alloc_free,,0x14380BF60,medium,2.202,0.287,3 shared rare constants; struct_sim=0.67,"void *__fastcall(void *msp, void *ptr)"
0x1410ED310,hknpBodyQuality::initialize,,0x142FC2360,medium,2.199,0.585,2 shared rare constants; struct_sim=0.93,void __fastcall(hknpBodyQuality *this)
0x140ADDED0,AICommonInterface::UpdateThreat_Internal,,0x1411E79C0,medium,2.199,0.534,3 shared rare constants; struct_sim=0.67,"void __usercall(AICommonInterface *this@<rcx>, signed __int64@<rax>, __int128 _XMM0@<xmm0>, __int128 _XMM6@<xmm6>, __int128 _XMM7@<xmm7>, __int128 _XMM8@<xmm8>, __int128 _XMM9@<xmm9>, __int128 _XMM10@<xmm10>, __int128 _XMM11@<xmm11>, __int128 _XMM12@<xmm12>, __int128 _XMM13@<xmm13>)"
0x1404F69A0,xbox::services::contextual_search::Vcontextual_search_broadcast::?0?$vector,,0x14337F060,medium,2.192,0.405,2 shared rare constants; struct_sim=0.93,"void __fastcall(std::vector<xbox::services::contextual_search::contextual_search_broadcast> *this, const std::vector<xbox::services::contextual_search::contextual_search_broadcast> *_Right)"
0x1411005C0,?0hclEventsViewer,,0x142D43B40,medium,2.185,0.693,3 shared rare constants; struct_sim=0.66,"void __fastcall(hclEventsViewer *this, const hkArrayView<hkProcessContext *> *contexts)"
0x141339250,_anonymous_namespace_::_bevel,,0x1438F4120,medium,2.18,0.976,2 shared rare constants; struct_sim=0.52,"__int64 __usercall@<rax>(hkgpConvexHull *hull@<rcx>, hkgpConvexHullImpl *data@<rdx>, const hkArrayBase<hkVector4f> *originalVertices@<r8>, const hkArrayBase<hkVector4f> *expandedPlanes@<r9>, __int128 *__struct_ptr _XMM6@<xmm6>, __int128 *__struct_ptr _XMM7@<xmm7>, __int128 *__struct_ptr _XMM8@<xmm8>, __int128 *__struct_ptr _XMM9@<xmm9>, __int128 *__struct_ptr _XMM10@<xmm10>, const hkVector4f *com, const hkSimdFloat32 *offset, hkArray<hkVector4f,hkContainerTempAllocator> *expandedVerticesInOut)"
0x140C21A90,Bot_EnemyPreferMelee,,0x1415EB2B0,medium,2.177,0.97,caller set overlaps: 2/2 mapped callers (jaccard 1.00); struct_sim=0.65,__int64 __fastcall(const bot_data_t *botData)
0x1400A5DD0,xbox::services::contextual_search::Vcontextual_config_result_stat::?0?$vector,,0x14337EEB0,medium,2.174,0.344,2 shared rare constants; struct_sim=0.92,"void __fastcall(std::vector<xbox::services::contextual_search::contextual_config_result_stat> *this, const std::vector<xbox::services::contextual_search::contextual_config_result_stat> *_Right)"
0x140E904C0,Umbra::?4Query,,0x142925D20,medium,2.173,0.334,2 shared rare constants; struct_sim=0.92,"Umbra::Query *__fastcall(Umbra::Query *this, const Umbra::Query *rhs)"
0x140EF6780,bfx::CalculateInverseWedges,,0x142ACAFD0,medium,2.17,0.495,2 shared rare constants; struct_sim=0.91,"void __usercall(const bfx::Array<bfx::RVOWedge> *blockedWedges@<rcx>, bfx::Array<bfx::NavWedgeImpl> *freeWedges@<rdx>, __int128 _XMM6@<xmm6>)"
0x140EE3760,bfx::XGraphImpl::ProcessXGraphForAreaStage3,,0x142A99F10,medium,2.168,0.436,2 shared rare constants; struct_sim=0.91,"void __fastcall(bfx::XGraphImpl *this, bfx::Area *pArea)"
0x140C2C770,Bot_StopPursuingEnemy,,0x14160B930,medium,2.163,0.914,caller set overlaps: 2/2 mapped callers (jaccard 1.00); struct_sim=0.64,void __fastcall(bot_data_t *botData)
0x140414100,G_InitFileSystemRandomSeed,,0x140D00870,medium,2.162,0.513,2 shared rare constants; struct_sim=0.91,__int64 __fastcall()
0x140AA76A0,Glass_DrawBorderSegment,,0x141FFEAD0,medium,2.162,2.162,caller set overlaps: 2/2 mapped callers (jaccard 0.67); struct_sim=0.64,"void __usercall(FxGlassDrawState *drawState@<rcx>, unsigned int i0@<edx>, unsigned int i1@<r8d>, unsigned int i2@<r9d>, __int128 *__struct_ptr _XMM6@<xmm6>, __int128 *__struct_ptr _XMM7@<xmm7>, __int128 *__struct_ptr _XMM8@<xmm8>, __int128 *__struct_ptr _XMM9@<xmm9>, __int128 *__struct_ptr _XMM10@<xmm10>, __int128 *__struct_ptr _XMM11@<xmm11>, unsigned int i3, bool usedLastEdge)"
0x140EED090,bfx::VVolumePathSegmentImpl::Array::expand_cap,,0x142AAE610,medium,2.153,0.279,2 shared rare constants; struct_sim=0.90,"void __fastcall(bfx::Array<bfx::VolumePathSegmentImpl> *this, int size)"
0x141099490,?0hknpInplaceTriangleShape,,0x142EBED70,medium,2.14,0.264,3 shared rare constants; struct_sim=0.63,"void __fastcall(hknpInplaceTriangleShape *this, bool dummy)"
0x1411EEB00,Callstack_ResolveSymbolsInternal,,0x140BFD590,medium,2.137,2.137,2 shared rare constants; struct_sim=0.89,void()
0x140F0CF50,hkOArchive::writeArrayGeneric,,0x1438CF220,medium,2.131,0.26,2 shared rare constants; struct_sim=0.89,"void __fastcall(hkOArchive *this, const void *ptr, int elemSize, int arraySize)"
0x140441170,Scr_CreateNavLink,,0x140D6F850,medium,2.13,0.471,2 shared rare constants; struct_sim=0.89,"void __usercall(scrContext_t *scrContext@<rcx>, __int128 _XMM6@<xmm6>)"
0x140C93D50,SND_PickRandomAliasIndex,,0x1427300D0,medium,2.125,0.674,2 shared rare constants; struct_sim=0.88,"__int64 __usercall@<rax>(const SndAlias **aliasArray@<rcx>, int numAliases@<edx>, __int128 *__struct_ptr _XMM0@<xmm0>, __int128 *__struct_ptr _XMM3@<xmm3>, __int128 *__struct_ptr _XMM6@<xmm6>, __int128 *__struct_ptr _XMM7@<xmm7>, __int128 *__struct_ptr _XMM8@<xmm8>, __int128 *__struct_ptr _XMM9@<xmm9>, __int128 *__struct_ptr _XMM10@<xmm10>, __int128 *__struct_ptr _XMM11@<xmm11>)"
0x140DBE490,LiveAntiCheat_FeatureBanEvent,,0x1419C0840,medium,2.125,2.125,2 shared rare constants; struct_sim=0.88,"void __fastcall(const int controllerIndex, const bdFeatureBanInfo *ban)"
0x1405E8050,?0AINavigator,,0x140FB37A0,medium,2.117,1.063,2 shared rare constants; struct_sim=0.88,"void __fastcall(AINavigator *this, gentity_s *pEnt, AINavLayer layer)"
0x140103E70,xbox::services::game_server_platform::Vgame_server_image_set::?0?$vector,,0x1433F5470,medium,2.117,0.375,2 shared rare constants; struct_sim=0.88,"void __fastcall(std::vector<xbox::services::game_server_platform::game_server_image_set> *this, const std::vector<xbox::services::game_server_platform::game_server_image_set> *_Right)"
0x1404B6A40,lj_str_resize,,0x143803C20,medium,2.116,0.44,2 shared rare constants; struct_sim=0.88,"void __fastcall(lua_State *L, unsigned int newmask)"
0x141175BEB,FT_Set_Renderer,,0x1430A75D0,medium,2.11,0.61,2 shared rare constants; struct_sim=0.87,"__int64 __fastcall(FT_LibraryRec_ *library, FT_RendererRec_ *renderer, unsigned int num_params, FT_Parameter_ *parameters)"
0x140BE4370,xbox::services::game_server_platform::PEAVgame_server_image_set::_Assign_range,,0x1432DC310,medium,2.103,0.404,2 shared rare constants; struct_sim=0.87,"void __fastcall(std::vector<xbox::services::game_server_platform::game_server_image_set> *this, xbox::services::game_server_platform::game_server_image_set *_First, xbox::services::game_server_platform::game_server_image_set *_Last, std::forward_iterator_tag __formal)"
0x1406FB2B0,bfx::SearchToMultipleGoalsAsync,,0x142A245F0,medium,2.102,0.325,2 shared rare constants; struct_sim=0.87,"bfx::MultiPathRCPtr *__fastcall(bfx::MultiPathRCPtr *result, const bfx::AreaHandle *startArea, const bfx::Vector3 *startPos, const bfx::PathSpec *pathSpec, const bfx::MultiPathSpec *multiPathSpec, const bfx::MultiPathGoal *pGoalArray, int numGoals)"
0x1410E0150,hknpHybridBroadPhase::queryAabb,,0x142F09740,medium,2.098,0.343,3 shared rare constants; struct_sim=0.60,"void __usercall(hknpHybridBroadPhase *this@<rcx>, const hknpBroadPhase::AabbQuery *query@<rdx>, hkArray<hknpBodyId,hkContainerHeapAllocator> *hits@<r8>, __int128 _XMM6@<xmm6>, __int128 _XMM7@<xmm7>)"
0x140C2D900,Bot_UpdateAwareOfEnemy,,0x14160F090,medium,2.095,0.503,3 shared rare constants; struct_sim=0.60,"void __usercall(bot_data_t *botData@<rcx>, __int128 *__struct_ptr _XMM6@<xmm6>)"
0x140EF60C0,bfx::NavigatorImpl::CalculateCollisionFreeWedges,,0x142ACA840,medium,2.09,0.44,2 shared rare constants; struct_sim=0.86,"void __usercall(bfx::NavigatorImpl *this@<rcx>, __int128 speed@<xmm1>, const bfx::Vec3 *dirOfZeroAngle@<r8>, const bfx::Vec3 *vUp@<r9>, __int128 _XMM6@<xmm6>, __int128 _XMM7@<xmm7>, __int128 _XMM8@<xmm8>, __int128 _XMM9@<xmm9>, __int128 _XMM10@<xmm10>, bfx::Array<bfx::NavWedgeImpl> *freeWedges, bool ignoreGoalCampers)"
0x14108CDF0,hknpCompoundShape::removeInstances,,0x142E85670,medium,2.082,0.324,2 shared rare constants; struct_sim=0.85,"void __fastcall(hknpCompoundShape *this, const hkHandle<unsigned short,65535,hknpShapeInstanceIdDiscriminant> *instanceIds, int numInstanceIds)"
0x14048BDD0,ParticleModuleInitLightSpot::Init,,0x1427C3320,medium,2.081,0.266,2 shared rare constants; struct_sim=0.85,void __fastcall(ParticleModule *pModuleBase)
0x140EE15D0,bfx::XGraphImpl::AddStartingNodes,,0x142A95A20,medium,2.081,1.199,2 shared rare constants; struct_sim=0.85,"void __usercall(bfx::XGraphImpl *this@<rcx>, const bfx::Vec3 *startPos@<rdx>, bfx::Area *pStartArea@<r8>, const bfx::Vec3 *goalPos@<r9>, __int128 _XMM6@<xmm6>, __int128 _XMM7@<xmm7>, __int128 _XMM8@<xmm8>, __int128 _XMM9@<xmm9>, __int128 _XMM10@<xmm10>, __int128 _XMM11@<xmm11>, float goalPenaltyMult, const bfx::PathSpec *pathSpec, bfx::BinaryHeap<bfx::XNode *,unsigned int> *openList, bfx::Array<bfx::XNode *> *startingNodesWhichAreAlsoGoalNodes)"
0x1408E4150,CG_SndPingAutoSim,,0x141DE2B10,medium,2.081,2.081,2 shared rare constants; struct_sim=0.45,"void __usercall(LocalClientNum_t localClientNum@<ecx>, centity_t *cent@<rdx>, Weapon *weapon@<r8>, const scr_string_t tagName@<r9d>, __int128 _XMM0@<xmm0>, __int128 _XMM6@<xmm6>, bool isPlayerView, bool isAlternate, bool isPlayerHeli, bool isDualWield, bool useLastFireSound, bool isAlternatingFire, PlayerHandIndex hand, bool fireContinuously, const GameModeFlagContainer<enum PMoveFlagsCommon,enum PMoveFlagsSP,enum PMoveFlagsMP,64> *pm_flags)"
0x140414680,BgDynamicLimits::UpdateDynamicValues,,0x1400412C7,medium,2.081,2.081,caller set overlaps: 2/2 mapped callers (jaccard 0.67); struct_sim=0.59,void(void)
0x1413E0720,hknpConstraintAtomSolver::exportImpl,,0x1439EC110,medium,2.066,2.066,2 shared rare constants; struct_sim=0.84,"void __usercall(const hknpSimulationThreadContext *tl@<rcx>, const hknpSolverInfo *npInfo@<rdx>, const hknpCsAtomJacRange *jacobians@<r8>, const hknpSolverSumVelocity *solverSumVelAStream@<r9>, __int128 _XMM2@<xmm2>, __int128 _XMM3@<xmm3>, __int128 _XMM6@<xmm6>, __int128 _XMM7@<xmm7>, __int128 _XMM8@<xmm8>, __int128 _XMM9@<xmm9>, hknpSolverVelocity *solverVelAStream, const hknpSolverSumVelocity *solverSumVelBStream, hknpSolverVelocity *solverVelBStream)"
0x141418720,_anonymous_namespace_::hkMonitorStreamAnalyzer_returnInvalidTree,,0x142BA3B70,medium,2.065,0.508,3 shared rare constants; struct_sim=0.58,"hkMonitorStreamAnalyzer::Tree *__fastcall(hkMonitorStreamAnalyzer::Tree *tree, const char cmd, const char *incompleteTimerName)"
0x140873BF0,CG_SnapshotMP_GetNextSnap_Internal,,0x141EFEA40,medium,2.063,0.826,caller set overlaps: 2/2 mapped callers (jaccard 0.67); struct_sim=0.58,const snapshot_t *__fastcall(const LocalClientNum_t localClientNum)
0x140AEC660,Scr_SpawnCoverNode,,0x141226640,medium,2.061,0.346,2 shared rare constants; struct_sim=0.84,"void __usercall(scrContext_t *scrContext@<rcx>, __int128 _XMM6@<xmm6>)"
0x141089F60,?0hknpSimulationThreadContext,,0x142F74680,medium,2.052,0.331,2 shared rare constants; struct_sim=0.83,"void __usercall(hknpSimulationThreadContext *this@<rcx>, int index@<edx>, __int128 _XMM6@<xmm6>)"
0x1409C0140,Con_InitGameMsgChannels,,0x141A57170,medium,2.047,2.047,2 shared rare constants; struct_sim=0.83,void(void)
0x140C61A60,SV_SnapshotArchive_FindCachedFrameForDeltaWorldState,,0x1416A1170,medium,2.043,0.28,3 shared rare constants; struct_sim=0.56,bool __fastcall(const cachedSnapshotWorldState_t **outCachedSnapshotWorldState)
0x1406DD0E0,DB_UnloadFastfiles,,0x1411ACB80,medium,2.036,0.48,2 shared rare constants; struct_sim=0.82,"void __usercall(const DB_FastfileInfo *zoneInfo@<rcx>, unsigned int zoneCount@<edx>, unsigned int unloadFlags@<r8d>, __int128 *@<xmm6>, __int128 *@<xmm7>, __int128 *@<xmm8>, __int128 *@<xmm9>)"
0x140E2C3C0,R_CopyMaterialOverrideToPhysicalMaterialData,,0x140B0DE40,medium,2.03,0.825,caller set overlaps: 2/2 mapped callers (jaccard 1.00); struct_sim=0.55,"__int64 __fastcall(MaterialOverride *materialOverride, Material **outPhysicalMaterial, GfxViewMaterialRenderFeatures *renderFeatures)"
0x14132A770,bfx::NBody::MoveLastTwoEndpointsToSpecifiedLocationsWithoutUpdatingOverlaps,,0x1438CBD90,medium,2.029,0.542,2 shared rare constants; struct_sim=0.82,"void __fastcall(bfx::NBody *this, int axis, int boxMinIndex, int boxMaxIndex)"
0x140D2A560,ParticleSystem::InitBolting,,0x142811140,medium,2.028,0.414,3 shared rare constants; struct_sim=0.55,"void __usercall(ParticleSystem *this@<rcx>, unsigned int dobjHandle@<edx>, unsigned int boneIndex@<r8d>, const orientation_t *boltOffset@<r9>, __int128 *__struct_ptr _XMM6@<xmm6>, __int128 *__struct_ptr _XMM7@<xmm7>, __int128 *__struct_ptr _XMM8@<xmm8>, scr_string_t boneName, unsigned int archiveState)"
0x14132D7C0,?5hkIstream,,0x1438CDE80,medium,2.026,0.282,2 shared rare constants; struct_sim=0.82,"hkIstream *__fastcall(hkIstream *this, hkStringBuf *str)"
0x14121E250,ntl::nxheap::allocate,,0x1437BF310,medium,2.025,0.343,3 shared rare constants; struct_sim=0.55,"__int64 __fastcall(ntl::nxheap *this, unsigned __int64 size, unsigned __int64 alignment, bool assert_on_fail)"
0x14133A000,_anonymous_namespace_::_clampVertexDisplacement,,0x1438F5120,medium,2.025,2.025,2 shared rare constants; struct_sim=0.42,"void __usercall(const hkgpConvexHull *hull@<rcx>, const hkSimdFloat32 *originalOffset@<rdx>, const hkSimdFloat32 *featurePreservationFactor@<r8>, hkSimdFloat32 *scaledOffsetInOut@<r9>, __int128 *__struct_ptr _XMM0@<xmm0>, __int128 *__struct_ptr _XMM1@<xmm1>, __int128 *__struct_ptr _XMM6@<xmm6>, __int128 *__struct_ptr _XMM7@<xmm7>, __int128 *__struct_ptr _XMM8@<xmm8>, __int128 *__struct_ptr _XMM9@<xmm9>, __int128 *__struct_ptr _XMM10@<xmm10>, __int128 *__struct_ptr _XMM11@<xmm11>, __int128 *__struct_ptr _XMM12@<xmm12>, __int128 *__struct_ptr _XMM13@<xmm13>, __int128 *__struct_ptr _XMM14@<xmm14>, __int128 *__struct_ptr _XMM15@<xmm15>)"
0x140BC11A0,MSG_ReadDeltaEntityStruct,,0x141428440,medium,2.024,0.791,2 shared rare constants; struct_sim=0.82,"__int64 __usercall@<rax>(msg_t *msg@<rcx>, const int time@<edx>, const void *from@<r8>, void *to@<r9>, __int128 *@<xmm6>, __int128 *@<xmm7>, unsigned int number, const bool archived, const bool readEntityLoDBit, NetFieldLoD *const outLoD)"
0x1412AFA80,HavokPhysics_DrawDebugBadColLods,,0x141B28560,medium,2.024,0.291,2 shared rare constants; struct_sim=0.82,"void __usercall(const ScreenPlacement *scrPlace@<rcx>, float *x@<rdx>, float *y@<r8>, __int128 tabWidth@<xmm3>, __int128 _XMM6@<xmm6>, __int128 _XMM7@<xmm7>, float charHeight)"
0x14121E580,ntl::nxheap::free_block,,0x1437C0920,medium,2.009,0.636,3 shared rare constants; struct_sim=0.54,"void __fastcall(ntl::nxheap *this, ntl::nxheap_block_header *p_free_block)"
0x140AE2A00,Bot_HasLOSToHighAerialEnemy,,0x1415F7B90,medium,2.005,0.776,caller set overlaps: 2/3 mapped callers (jaccard 0.67); struct_sim=0.54,"__int64 __fastcall(const bot_data_t *botData, const gentity_s *enemy)"
0x141410CE0,finalize,,0x1438A3EA0,medium,2.004,0.766,2 shared rare constants; struct_sim=0.80,int __fastcall(lua_State *L)
0x1405532D0,FX_OnKillcamTransition,,0x14200F970,medium,2.003,0.3,2 shared rare constants; struct_sim=0.80,void __fastcall(FxMarksSystem *marksSystem)
0x140B6DA00,StreamDefrag::ReserveHandle,,0x1417797A0,medium,1.998,0.283,2 shared rare constants; struct_sim=0.80,"streamer_handle_t __fastcall(StreamDefrag *this, StreamDefragAllocNode **type, int assetIndex, unsigned int)"
0x1408CACA0,PEAUConeTargetHitInfo::introsort_loop,,0x1411F2940,medium,1.997,0.515,2 shared rare constants; struct_sim=0.80,"void __fastcall(ConeTargetHitInfo *const *r_iBegin, ConeTargetHitInfo *iEnd, unsigned __int64 depthLimit, ntl::less<ConeTargetHitInfo,ConeTargetHitInfo> predicate)"
0x140C1FF40,Bot_CombatStateCornerCombat,,0x1415E1120,medium,1.995,0.602,2 shared rare constants; struct_sim=0.80,"__int64 __usercall@<rax>(bot_data_t *botData@<rcx>, usercmd_s *cmd@<rdx>, __int128 *__struct_ptr _XMM0@<xmm0>)"
0x140BB9B30,VerifyNetFields,,0x141431AF0,medium,1.985,0.398,2 shared rare constants; struct_sim=0.79,"void __fastcall(const NetFieldList *const netFieldList, const netFieldTypes_t fieldType)"
0x1402B2B20,ParticleManager::EnableAllSystemsOnDObj,,0x1427B0C80,medium,1.981,0.309,2 shared rare constants; struct_sim=0.79,"void __fastcall(ParticleManager *this, unsigned int dobjHandle, bool bEnable)"
0x140D8DD20,Ragdoll_PenetrationQuery,,0x141990CD0,medium,1.979,0.252,2 shared rare constants; struct_sim=0.79,"_BOOL8 __usercall@<rax>(Ragdoll *ragdoll@<rcx>, const vec3_t *location@<rdx>, vec3_t *outHitPos@<r8>, vec3_t *outHitNormal@<r9>, __int128 *__struct_ptr _XMM2@<xmm2>, __int128 *__struct_ptr _XMM6@<xmm6>, HavokPhysics_IgnoreBodies *ignoreBodies)"
0x1400573D0,CL_TransientsMP_ProcessTransientFileList,,0x141ABCF20,medium,1.978,0.354,2 shared rare constants; struct_sim=0.79,"void __fastcall(TransientFile **files, const unsigned int *const priorities, unsigned int fileCount, TransientMPZoneState fileState, DB_FastfileInfo *outZoneInfo)"
0x140479D40,AIScriptedInterface::Turret_Start,,0x140DD7E40,medium,1.977,0.378,3 shared rare constants; struct_sim=0.52,"char __fastcall(AIScriptedInterface *this, ai_state_t ePrevState)"
0x1412F8FD8,hkFloatParseUtil::getFloatType,,0x142C14880,medium,1.968,0.399,2 shared rare constants; struct_sim=0.78,__int64 __usercall@<rax>(__int128 f@<xmm0>)
0x140C93220,SND_InitEntityParamInfo,,0x14272C8E0,medium,1.967,0.422,3 shared rare constants; struct_sim=0.51,__int64()
0x14041ED90,Callstack_CachedLookup_SymbolCallback,,0x1403B80E0,medium,1.963,0.267,2 shared rare constants; struct_sim=0.78,"void __fastcall(const unsigned __int64 address, const char *p_funcName)"
0x140557000,LPC_inverse_pred_gain_QA_c,,0x143536370,medium,1.96,0.747,2 shared rare constants; struct_sim=0.77,"__int64 __fastcall(int *A_QA, const int order)"
0x1405F99C0,R_Umbra_CullDObjEntities,,0x1421E3DE0,medium,1.952,0.283,2 shared rare constants; struct_sim=0.77,"void __fastcall(LocalClientNum_t localClientNum, unsigned int viewInfoIndex, unsigned int sceneViewType)"
0x140EA7F20,bfx::ResourceManager::AddResourceImage,,0x1429D6600,medium,1.949,0.289,2 shared rare constants; struct_sim=0.77,"bfx::ResourceImpl *__fastcall(bfx::ResourceManager *this, bfx::Space *pSpace, char *pBinaryImage, const bfx::ResourceOffset *offset)"
0x140B7E200,DCache_IO_ReadBlockWithOffset,,0x14139B120,medium,1.948,0.737,caller set overlaps: 2/2 mapped callers (jaccard 1.00); struct_sim=0.50,"__int64 __fastcall(dcacheType_t cacheType, int blockIndex, int offset, char *data, int length, DCacheChecksumConfig checksumState)"
0x140719AF0,PM_Skydive_Update,,0x1403037C0,medium,1.945,0.371,2 shared rare constants; struct_sim=0.76,"void __usercall(pmove_t *pm@<rcx>, pml_t *pml@<rdx>, __int128 _XMM1@<xmm1>, __int128 _XMM6@<xmm6>, __int128 *@<xmm7>, __int128 *@<xmm8>, __int128 *@<xmm9>, __int128 *@<xmm10>, __int128 *@<xmm11>, __int128 *@<xmm12>)"
0x140B02180,PlayerCmd_WeaponLockStart,,0x141262600,medium,1.943,0.441,2 shared rare constants; struct_sim=0.76,"void __fastcall(scrContext_t *scrContext, scr_entref_t entref)"
0x141150040,hclSimClothData::removePerInstanceCollidable,,0x142D20860,medium,1.939,0.429,2 shared rare constants; struct_sim=0.76,"bool __fastcall(hclSimClothData *this, const hclCollidable *collidableToRemove)"
0x1405C21D0,BgVehiclePhysics::Reset,,0x140353170,medium,1.937,0.394,2 shared rare constants; struct_sim=0.76,void __fastcall(BgVehiclePhysics *this)
0x1404B6CC0,SD_DecoderInstanceFrameAcpXma,,0x1426EF850,medium,1.936,0.552,3 shared rare constants; struct_sim=0.49,char __fastcall(sd_decoder *decoder)
0x1405CCF10,bfx::BackConnectXNode,,0x142A96200,medium,1.935,0.546,2 shared rare constants; struct_sim=0.76,void __fastcall(bfx::XNode *pNode)
0x140C7FD50,indyfs_prune_filecache_folder,,0x143880E70,medium,1.934,0.426,2 shared rare constants; struct_sim=0.76,"__int64 __fastcall(const char *localFileCachePath, unsigned __int64 highWaterMarkGB, unsigned __int64 lowWaterMarkGB, void *memoryBlock, unsigned __int64 memoryBlockSize, unsigned __int64 freeSpace, unsigned __int64 *bytesDeleted)"
0x141117A80,?0hkpWheelConstraintData,,0x1430950B0,medium,1.928,0.772,2 shared rare constants; struct_sim=0.75,void __fastcall(hkpWheelConstraintData *this)
0x1406EB640,InvitationHSM_base::HSM_StateFunction_st_check_next_application_specific_joinability_checks_pending,,0x142652060,medium,1.926,0.378,2 shared rare constants; struct_sim=0.75,"__int64 __fastcall(InvitationHSM_base *this, InvitationHSM_base::eHSMEvents event)"
0x141077FB0,hknpWorld::setBodyMassDistribution,,0x142F69ED0,medium,1.924,1.924,2 shared rare constants; struct_sim=0.75,"void __fastcall(hknpWorld *this, hknpBodyId bodyId, const hknpMassDistribution *massDistribution, hknpWorldWriter::UpdateMotionMode updateMotionMode)"
0x14043A450,Nav_SetLinkDatToDefault,,0x140D604E0,medium,1.922,0.578,3 shared rare constants; struct_sim=0.48,void __fastcall(bfx::LinkDat *pLinkDat)
0x140CD21A0,UI_VerifyString,,0x14278E600,medium,1.922,0.63,2 shared rare constants; struct_sim=0.75,"bool __fastcall(const char *str, const wchar_t *strOrig)"
0x140BC07A0,MSG_WriteEntityDeltaFields,,0x141444520,medium,1.92,0.298,2 shared rare constants; struct_sim=0.75,"void __usercall(SnapshotInfo *snapInfo@<rcx>, msg_t *msg@<rdx>, const int time@<r8d>, const entityState_t *fromES@<r9>, __int128 *@<xmm0>, __int128 *@<xmm1>, __int128 *@<xmm6>, __int128 *@<xmm7>, __int128 *@<xmm8>, __int128 *@<xmm9>, const entityState_t *toES, int lastChanged, int numFields, const NetField *stateFields, int *fieldsChanged, ServerEntityHeader *const outHeader, const int skippedNetfieldBits)"
0x1412C1D9C,lj_err_unwind_win,,0x1437FAA50,medium,1.918,0.8,2 shared rare constants; struct_sim=0.75,"__int64 __fastcall(_EXCEPTION_RECORD *rec, void *f, _CONTEXT *ctx, UndocumentedDispatcherContext *dispatch)"
0x140D09D40,ParticleEmitter::EmitParticles,,0x14279D220,medium,1.914,0.38,2 shared rare constants; struct_sim=0.74,"void __usercall(ParticleEmitter *this@<rcx>, const unsigned int numParticles@<edx>, const int currentTime@<r8d>, bool hasDelay@<r9b>, __int128 *__struct_ptr _XMM0@<xmm0>, __int128 *__struct_ptr _XMM2@<xmm2>, __int128 *__struct_ptr _XMM6@<xmm6>, const FxCamera *pCamera)"
0x140B26490,BgMissile::InitGrenadeEntity,,0x1402D3520,medium,1.908,0.389,2 shared rare constants; struct_sim=0.74,"void __usercall(BgMissile *this@<rcx>, const BgWeaponMap *weaponMap@<rdx>, BgEntityData *entityData@<r8>, const int parentEntNum@<r9d>, __int128 *__struct_ptr _XMM6@<xmm6>, __int128 *__struct_ptr _XMM7@<xmm7>, const int serverTime)"
0x140717660,BG_Offhand_ShouldStopTauntThirdPerson,,0x14108F1C0,medium,1.905,0.292,2 shared rare constants; struct_sim=0.74,"char __usercall@<al>(const BgWeaponMap *weaponMap@<rcx>, const playerState_s *ps@<rdx>, const OffhandGestureTypes gestureType@<r8d>, const Weapon *offhandWeapon@<r9>, __int128 *__struct_ptr _XMM0@<xmm0>, __int128 *__struct_ptr _XMM1@<xmm1>, __int128 *__struct_ptr _XMM6@<xmm6>, __int128 *__struct_ptr _XMM7@<xmm7>, const int gameTime)"
0x1407E7950,HudElemColorToVec4,,0x141CD0720,medium,1.903,1.903,caller set overlaps: 2/2 mapped callers (jaccard 1.00); struct_sim=0.47,"void __usercall(LocalClientNum_t localClientNum@<ecx>, const hudelem_color_t *hudElemColor@<rdx>, vec4_t *resultColor@<r8>, __int128 *__struct_ptr _XMM0@<xmm0>, __int128 *__struct_ptr _XMM6@<xmm6>, __int128 *__struct_ptr _XMM7@<xmm7>, __int128 *__struct_ptr _XMM8@<xmm8>, __int128 *__struct_ptr _XMM9@<xmm9>)"
0x140AEA9D0,Nav_FreeNavObj_nav_repulsor_s_,,0x140FB92E0,medium,1.896,0.265,2 shared rare constants; struct_sim=0.73,"void __fastcall(nav_repulsor_s *pObj, nav_repulsor_s *pPool, nav_poolinfo_t *pInfo, int maxCount)"
0x140711790,BG_VehicleGroundPlant,,0x141080FA0,medium,1.895,1.895,3 shared rare constants; struct_sim=0.46,"__int64 __usercall@<rax>(pmove_t *pm@<rcx>, VehicleState *vehicleState@<rdx>, GroundTrace *groundTrace@<r8>, int gravity@<r9d>, __int128 *__struct_ptr _XMM6@<xmm6>, __int128 *__struct_ptr _XMM7@<xmm7>, __int128 *__struct_ptr _XMM8@<xmm8>, __int128 *__struct_ptr _XMM9@<xmm9>, __int128 *__struct_ptr _XMM10@<xmm10>, __int128 *__struct_ptr _XMM11@<xmm11>, float dt)"
0x140AF3B50,xbox::services::contextual_search::AEBVcontextual_search_broadcast::_Emplace_reallocate,,0x1433797D0,medium,1.892,0.383,2 shared rare constants; struct_sim=0.73,"xbox::services::contextual_search::contextual_search_broadcast *__fastcall(std::vector<xbox::services::contextual_search::contextual_search_broadcast> *this, xbox::services::contextual_search::contextual_search_broadcast *const _Whereptr, const xbox::services::contextual_search::contextual_search_broadcast *<_Val_0>)"
0x14B2D56CB,bdPlatformTiming::getLoResElapsedTime,,0x14372CA30,medium,1.884,0.376,2 shared rare constants; struct_sim=0.72,"unsigned __int64 __fastcall(const unsigned int time1, const unsigned int time2)"
0x140467BB0,AIScriptedInterface::GetPathSmoothParams,,0x140DAD5A0,medium,1.875,0.376,2 shared rare constants; struct_sim=0.72,"void __usercall(AIScriptedInterface *this@<rcx>, __int128 fMoveDist@<xmm1>, float *maxTurnSpeed@<r8>, float *lookaheadDist@<r9>, __int128 _XMM0@<xmm0>, __int128 _XMM6@<xmm6>, float *accel, float *decel, float *sharpTurn)"
0x140DA88D0,bfx::XGraphImpl::AddXGraphForAreas,,0x142A95F20,medium,1.874,0.251,2 shared rare constants; struct_sim=0.72,"void __fastcall(bfx::XGraphImpl *this, bfx::Array<bfx::Area *> *newAreas)"
0x14108B090,hknpCompoundShape::setInstancesEnabled,,0x142E859A0,medium,1.87,0.268,2 shared rare constants; struct_sim=0.71,"void __fastcall(hknpCompoundShape *this, const hkHandle<unsigned short,65535,hknpShapeInstanceIdDiscriminant> *instanceIds, int numInstances, bool isEnabled)"
0x140400740,LerpEntityStatePrimaryLightPack,,0x140CDCDB0,medium,1.866,0.464,2 shared rare constants; struct_sim=0.71,"void __usercall(const LerpEntityStatePrimaryLightUnpacked *in@<rcx>, LerpEntityStatePrimaryLightPacked *out@<rdx>, __int128 _XMM7@<xmm7>)"
0x140AD2170,Path_ReduceLookaheadAmount,,0x1411CAD80,medium,1.864,0.55,2 shared rare constants; struct_sim=0.71,"void __usercall(path_t *pPath@<rcx>, __int128 *__struct_ptr maxLookaheadAmountIfReduce@<xmm1>)"
0x1405F4D70,BgVehiclePhysicsCarBase::GetLocalSteering,,0x140373970,medium,1.858,1.858,2 shared rare constants; struct_sim=0.71,"void __fastcall(BgVehiclePhysicsCarBase *this, BgVehiclePhysicsGround::Steering *outSteering)"
0x140CEDF90,Dvar_StringToEnum,,0x141876EA0,medium,1.857,0.418,2 shared rare constants; struct_sim=0.70,"__int64 __fastcall(const DvarLimits *domain, const char *string)"
0x1410ED8A0,hknpHybridBroadPhase::queryAabbNmp,,0x142F09FB0,medium,1.857,0.34,2 shared rare constants; struct_sim=0.70,"void __usercall(hknpHybridBroadPhase *this@<rcx>, const hknpBroadPhase::AabbQuery *query@<rdx>, const hkAabb *expandedAabb@<r8>, hkAabb *nmpOut@<r9>, __int128 _XMM3@<xmm3>, __int128 _XMM6@<xmm6>, __int128 _XMM7@<xmm7>, __int128 _XMM8@<xmm8>, __int128 _XMM9@<xmm9>, __int128 _XMM10@<xmm10>, __int128 _XMM11@<xmm11>, hkArray<hknpBodyId,hkContainerHeapAllocator> *hits)"
0x1412F823C,bdRSAKey::init,,0x143596860,medium,1.853,0.287,2 shared rare constants; struct_sim=0.70,"bool __fastcall(bdRSAKey *this, bdRSAKey::bdRSAKeySize keySize)"
0x1412A8258,_dynamic_initializer_for__s_cg_PhysicsObject_CachedBoneMappingAllocator__,,0x14016DA30,medium,1.85,0.324,2 shared rare constants; struct_sim=0.70,int()
0x140F13260,hknpCollisionCacheStreams::init,,0x1400300CB,medium,1.845,1.845,caller set overlaps: 2/4 mapped callers (jaccard 0.50); struct_sim=0.43,"void __fastcall(hknpCollisionCacheStreams *this, hkThreadLocalBlockStreamAllocator *tlAllocator, const char *debugName)"
0x140B2BDE0,Mantle_UpdateSprintState,,0x141005EB0,medium,1.841,0.447,2 shared rare constants; struct_sim=0.69,"void __usercall(pmove_t *pm@<rcx>, const pml_t *pml@<rdx>, MantleResults *mresults@<r8>, const bool lastSprinting@<r9b>, __int128 *__struct_ptr _XMM0@<xmm0>, __int128 *__struct_ptr _XMM6@<xmm6>, __int128 *__struct_ptr _XMM7@<xmm7>, const SprintState *lastSprintState)"
0x141111530,?0hkpCogWheelConstraintData,,0x14309BC10,medium,1.841,1.841,2 shared rare constants; struct_sim=0.69,void __fastcall(hkpCogWheelConstraintData *this)
0x14071C7C0,R_TG_GetScriptViewFeatures,,0x1421AA250,medium,1.835,0.275,2 shared rare constants; struct_sim=0.69,"void __fastcall(const GfxViewportFeatures *features, const R_TG_ScriptSystemOptions *systemOptions, R_TG_ScriptOptions *outScriptOptions)"
0x14072F460,LUI_LuaCall_LUIElement_setImageFiltering,,0x14243F560,medium,1.821,0.277,2 shared rare constants; struct_sim=0.68,__int64 __fastcall(lua_State *luaVM)
0x1411D8C50,Node_PtrFixup,,0x141775BA0,medium,1.816,0.378,2 shared rare constants; struct_sim=0.68,"void __fastcall(const GfxBackEndData *data, StreamDefragAllocNode *node, bool newAlloc)"
0x141246878,InvitationHSM_base::HSM_StateFunction_st_get_sender_xuid,,0x142651620,medium,1.815,0.29,3 shared rare constants; struct_sim=0.41,"__int64 __fastcall(InvitationHSM_base *this, InvitationHSM_base::eHSMEvents event)"
0x1400AC230,FlightDynamics::LoadControlInputs,,0x14032D270,medium,1.812,1.812,2 shared rare constants; struct_sim=0.67,"void __usercall(FlightDynamics *this@<rcx>, const usercmd_s *cmd@<rdx>, float *rawControlInputs@<r8>, __int128 *__struct_ptr _XMM0@<xmm0>, __int128 *__struct_ptr _XMM1@<xmm1>)"
0x1412C12A4,Com_LogException,,0x1413C6EC0,medium,1.812,0.513,2 shared rare constants; struct_sim=0.67,void __fastcall(const _EXCEPTION_POINTERS *context)
0x141116750,?0hkpRackAndPinionConstraintData,,0x1430935D0,medium,1.812,1.812,2 shared rare constants; struct_sim=0.67,void __fastcall(hkpRackAndPinionConstraintData *this)
0x140F79900,hkcdPlanarGeometryPlanesCollection::createBoundaryPlanes,,0x1439AE340,medium,1.808,1.808,3 shared rare constants; struct_sim=0.41,"void __usercall(hkcdPlanarGeometryPlanesCollection *this@<rcx>, __int128 _XMM6@<xmm6>, __int128 _XMM7@<xmm7>, __int128 _XMM8@<xmm8>, __int128 _XMM9@<xmm9>, __int128 _XMM10@<xmm10>, __int128 _XMM11@<xmm11>, __int128 _XMM12@<xmm12>, __int128 _XMM13@<xmm13>, __int128 _XMM14@<xmm14>, __int128 _XMM15@<xmm15>)"
0x140AB4490,FX_FreeMark,,0x1420077D0,medium,1.807,1.807,caller set overlaps: 2/2 mapped callers (jaccard 1.00); struct_sim=0.40,"void __fastcall(FxMarksSystem *marksSystem, FxMark *mark, int debugValue)"
0x1410EED10,hknpMotionUtil::updateAllBodies,,0x142F6E0A0,medium,1.802,1.802,2 shared rare constants; struct_sim=0.67,"void __usercall(const hknpSimulationThreadContext *tl@<rcx>, const hknpBodyId *dynamicBodyIds@<rdx>, int numDynamicBodyIds@<r8d>, __int128 _XMM6@<xmm6>, __int128 _XMM7@<xmm7>, __int128 _XMM8@<xmm8>, __int128 _XMM9@<xmm9>, __int128 _XMM10@<xmm10>, __int128 _XMM11@<xmm11>, __int128 _XMM12@<xmm12>, __int128 _XMM13@<xmm13>, __int128 _XMM14@<xmm14>, __int128 _XMM15@<xmm15>)"
0x1412F4978,bdRSAKey::verifySignature,,0x143596AA0,medium,1.794,0.267,2 shared rare constants; struct_sim=0.66,"_BOOL8 __fastcall(bdRSAKey *this, const char *signature, const void *data, const unsigned int dataSize, const bdHashAlgorithms hashAlgorithm, const bdRSAKey::bdRSAPKCS padding)"
0x140EE9EB0,?0nav_space_s,,0x140FB99D0,medium,1.783,0.71,2 shared rare constants; struct_sim=0.66,void __fastcall(nav_space_s *this)
0x1409E1E80,PartyMigrate_SelectOurNominee,,0x14117EEF0,medium,1.775,0.284,2 shared rare constants; struct_sim=0.65,"void __usercall(PartyData *party@<rcx>, const PartyActiveClient *mainActiveClient@<rdx>, __int128 *__struct_ptr _XMM0@<xmm0>, __int128 *@<xmm2>, __int128 *@<xmm3>, __int128 *@<xmm6>, __int128 *@<xmm7>, __int128 *@<xmm8>, __int128 *@<xmm9>, __int128 *@<xmm10>, __int128 *@<xmm11>)"
0x140A9F230,Glass_DoCrackWalk,,0x141FEF950,medium,1.767,1.767,2 shared rare constants; struct_sim=0.64,"bool __usercall@<al>(FxGlassCrackWork *work@<rcx>, FxGlassCrackWalk *walk@<rdx>, __int128 *__struct_ptr _XMM6@<xmm6>, __int128 *__struct_ptr _XMM7@<xmm7>, __int128 *__struct_ptr _XMM8@<xmm8>, __int128 *__struct_ptr _XMM9@<xmm9>, __int128 *__struct_ptr _XMM10@<xmm10>, __int128 *__struct_ptr _XMM11@<xmm11>, __int128 *__struct_ptr _XMM12@<xmm12>, __int128 *__struct_ptr _XMM13@<xmm13>, __int128 *__struct_ptr _XMM14@<xmm14>, __int128 *__struct_ptr _XMM15@<xmm15>)"
0x140D83DF0,XAnimBucketAllocator_Init,,0x141976ED0,medium,1.764,1.764,2 shared rare constants; struct_sim=0.64,"void __fastcall(XAnimBucketAllocator *allocator, char *start, unsigned __int64 size)"
0x140D73000,XAnimCalcAbsDelta,,0x1419350D0,medium,1.759,0.655,2 shared rare constants; struct_sim=0.64,"void __usercall(const DObj *obj@<rcx>, unsigned int graftAnimIndex@<edx>, const XAnimSubTreeID subTreeID@<r8d>, unsigned int animIndex@<r9d>, __int128 _XMM6@<xmm6>, __int128 _XMM7@<xmm7>, __int128 *@<xmm8>, __int128 *@<xmm9>, __int128 *@<xmm10>, __int128 *@<xmm11>, __int128 *@<xmm12>, __int128 *@<xmm13>, __int128 *@<xmm14>, __int128 *@<xmm15>, vec4_t *rot, vec3_t *trans)"
0x140BBE390,MSG_WriteOriginPhysics,,0x1414465B0,medium,1.759,0.475,2 shared rare constants; struct_sim=0.64,"void __usercall(const SnapshotInfo *snapInfo@<rcx>, const vec3_t *mapCenter@<rdx>, msg_t *msg@<r8>, int bits@<r9d>, __int128 *__struct_ptr _XMM6@<xmm6>, __int128 *__struct_ptr _XMM7@<xmm7>, float value)"
0x1403E00B0,AIScriptedInterface::Cover_SetAimLimits,,0x140C5FDD0,medium,1.74,0.599,2 shared rare constants; struct_sim=0.63,"void __usercall(AIScriptedInterface *this@<rcx>, const pathnode_t *node@<rdx>, __int128 _XMM7@<xmm7>)"
0x1412ECB94,uJsonUnpack_va,,0x1401977A0,medium,1.739,1.739,2 shared rare constants; struct_sim=0.63,"__int64 __usercall@<rax>(uJson json@<rcx>, const char *fmt@<rdx>, char *vl@<r8>, __int128 *__struct_ptr _XMM0@<xmm0>)"
0x1406E0D30,HECmd_SetShowInRealism,,0x14129B620,medium,1.722,0.364,2 shared rare constants; struct_sim=0.61,"void __fastcall(scrContext_t *scrContext, scr_entref_t entref)"
0x140AD4020,AIPhys_CharacterTrace,,0x1411CE840,medium,1.715,0.431,2 shared rare constants; struct_sim=0.61,"void __usercall(trace_t *results@<rcx>, const vec3_t *start@<rdx>, const vec3_t *end@<r8>, const Bounds *bounds@<r9>, __int128 *__struct_ptr _XMM1@<xmm1>, __int128 *__struct_ptr _XMM6@<xmm6>, __int128 *__struct_ptr _XMM7@<xmm7>, __int128 *__struct_ptr _XMM8@<xmm8>, __int128 *__struct_ptr _XMM9@<xmm9>, __int128 *__struct_ptr _XMM10@<xmm10>, int passEntityNum, int contentmask)"
0x140E89090,CustomAudioOpen,,0x1426FD140,medium,1.714,0.274,2 shared rare constants; struct_sim=0.61,"__int64 __fastcall(BINKSND *bs, unsigned int freq, int chans, unsigned int flags, BINK *bink)"
0x140D593F0,CrankcaseAudio::?0AccelDecelModelSimulation,,0x1434E1650,medium,1.704,0.295,2 shared rare constants; struct_sim=0.60,void __fastcall(CrankcaseAudio::AccelDecelModelSimulation *this)
0x140EF8930,bfx::MakeWedge,,0x142ADC4A0,medium,1.702,0.479,2 shared rare constants; struct_sim=0.60,"__int64 __usercall@<rax>(bfx::RVOWedge *wedgeOut1@<rcx>, bfx::RVOWedge *wedgeOut2@<rdx>, const bfx::Vec3 *startPos1@<r8>, const bfx::Vec3 *startPos2@<r9>, __int128 _XMM6@<xmm6>, __int128 _XMM7@<xmm7>, __int128 _XMM8@<xmm8>, __int128 _XMM9@<xmm9>, __int128 _XMM10@<xmm10>, __int128 _XMM11@<xmm11>, __int128 _XMM12@<xmm12>, __int128 _XMM13@<xmm13>, __int128 _XMM14@<xmm14>, __int128 _XMM15@<xmm15>, const bfx::Vec3 *myPos, const bfx::Vec3 *myNorm, const bfx::Vec3 *myForward, const bfx::Vec3 *myLeft, const bfx::Vec3 *velocityCircleCenter, float velocityCircleRadius, bfx::RVODebugDrawInfo *pDebugInfo)"
0x1405FB6D0,R_Umbra_QueryStaticVisibilityCmd,,0x1421E97F0,medium,1.701,0.745,2 shared rare constants; struct_sim=0.60,"void __usercall(const void *const cmdInfo@<rcx>, signed __int64@<rax>, __int128 _XMM6@<xmm6>, __int128 _XMM7@<xmm7>, __int128 _XMM8@<xmm8>, __int128 _XMM9@<xmm9>)"
0x141014F30,indyfs_LZ4HC_compress_optimal,,0x14389F6C0,medium,1.682,0.715,2 shared rare constants; struct_sim=0.59,"__int64 __fastcall(indyfs_LZ4HC_CCtx_internal *ctx, const char *const source, char *dst, int *srcSizePtr, int dstCapacity, const int nbSearches, unsigned __int64 sufficient_len, const limitedOutput_directive limit, const int fullUpdate, const dictCtx_directive dict, const HCfavor_e favorDecSpeed)"
0x1400C5AE0,R_MDAO_UpdateConstants,,0x1420DB250,medium,1.668,0.264,2 shared rare constants; struct_sim=0.58,"void __fastcall(ComputeCmdBufState *computeState, const GfxViewInfo *viewInfo, const GfxBackEndData *data)"
0x140B51070,bfx::ConnectPortalEdges,,0x142A49600,medium,1.665,0.461,2 shared rare constants; struct_sim=0.58,"char __usercall@<al>(bfx::NavGraph *pNewNavGraph@<rcx>, bfx::EdgeCursor *myPortalEdgeCC@<rdx>, bfx::EdgeCursor *theirPortalEdgeCC@<r8>, __int128 _XMM0@<xmm0>, __int128 _XMM6@<xmm6>)"
0x1400590C0,R_DX12_TransitionResources,,0x14238DBF0,medium,1.623,0.342,2 shared rare constants; struct_sim=0.55,"void __fastcall(ID3D12GraphicsCommandList *device, GfxDescriptorState *descState, D3D12_RESOURCE_BARRIER *transitions, unsigned int count)"
0x140EAC160,sys_alloc,,0x142A0A040,medium,1.623,1.623,2 shared rare constants; struct_sim=0.55,"char *__fastcall(malloc_state *m, unsigned __int64 nb)"
0x14049BE30,LUI_LuaCall_LUIElement_SetDisablePartialOpacity,,0x142435840,medium,1.613,0.267,2 shared rare constants; struct_sim=0.54,__int64 __fastcall(lua_State *luaVM)
0x140B48C30,Mantle_FindMantleSurface,,0x140FFEDA0,medium,1.571,1.571,2 shared rare constants; struct_sim=0.51,"__int64 __usercall@<rax>(const playerState_s *ps@<rcx>, Physics_WorldId worldId@<edx>, const BgHandler *pmoveHandler@<r8>, const vec3_t *searchOrigin@<r9>, __int128 _XMM0@<xmm0>, __int128 _XMM6@<xmm6>, __int128 _XMM7@<xmm7>, __int128 _XMM8@<xmm8>, __int128 _XMM9@<xmm9>, __int128 _XMM10@<xmm10>, __int128 _XMM11@<xmm11>, MantleResults *mresults, const vec3_t *wishDir)"
0x1412B3A20,HttpRequest::RequestAuthToken,,0x1428261B0,medium,1.567,0.319,2 shared rare constants; struct_sim=0.51,"__int64 __fastcall(HttpRequest *this, std::basic_string<wchar_t,std::char_traits<wchar_t>,STLHeapAllocator<wchar_t> > *httpMethod, std::basic_string<wchar_t,std::char_traits<wchar_t>,STLHeapAllocator<wchar_t> > *url, std::basic_string<wchar_t,std::char_traits<wchar_t>,STLHeapAllocator<wchar_t> > *authTokenHeaderString, const char *data, unsigned int dataLength, std::basic_string<wchar_t,std::char_traits<wchar_t>,STLHeapAllocator<wchar_t> > *AuthTokenOut, Windows::Xbox::System::User *currentUser)"
0x140F97170,hkcdPlanarGeometryPredicates::estimateTriangleWinding,,0x1439D4260,medium,1.552,0.539,2 shared rare constants; struct_sim=0.50,"__int64 __usercall@<rax>(const hkcdPlanarGeometryPrimitives::Plane (*planesA)[3]@<rcx>, const hkcdPlanarGeometryPrimitives::Plane (*planesB)[3]@<rdx>, const hkcdPlanarGeometryPrimitives::Plane (*planesC)[3]@<r8>, const hkcdPlanarGeometryPrimitives::Plane *supportPlane@<r9>, __int128 _XMM6@<xmm6>, __int128 _XMM7@<xmm7>, __int128 _XMM8@<xmm8>, __int128 _XMM9@<xmm9>, __int128 _XMM10@<xmm10>, __int128 _XMM11@<xmm11>, __int128 _XMM12@<xmm12>, __int128 _XMM13@<xmm13>, __int128 _XMM14@<xmm14>, __int128 *@<xmm15>, int axisX, int axisY, int axisZ)"
0x140ACB300,AI_FindEntrancesByNodeInternal,,0x1411C1230,medium,1.546,1.546,2 shared rare constants; struct_sim=0.50,"__int64 __usercall@<rax>(pathnode_t *startNode@<rcx>, unsigned __int16 *results@<rdx>, int maxNumResults@<r8d>, unsigned __int16 *removedResultsOut@<r9>, __int128 *__struct_ptr _XMM6@<xmm6>, __int128 *__struct_ptr _XMM7@<xmm7>, __int128 *__struct_ptr _XMM8@<xmm8>, __int128 *@<xmm9>, __int128 *@<xmm10>, __int128 *@<xmm11>, __int128 *@<xmm12>, __int128 *@<xmm13>, __int128 *@<xmm14>, __int128 *@<xmm15>, int *numRemovedResultsOut)"
0x140E57210,R_InitReactiveMotion,,0x1421D8CB0,medium,1.542,1.542,2 shared rare constants; struct_sim=0.49,void(void)
0x1400AABF0,BgVehiclePhysicsCarBase::Setup,,0x140377760,medium,1.541,0.691,2 shared rare constants; struct_sim=0.49,"bool __fastcall(BgVehiclePhysicsCarBase *this, BGVehicles *vehicleSystem, Physics_WorldId worldId, unsigned int vehicleId, int entityNumber, unsigned int vehDefIndex, const VehicleDef *vehDef)"
0x141132380,BgVehiclePhysicsAtvQuadNew::Setup,,0x140377630,medium,1.539,0.271,2 shared rare constants; struct_sim=0.49,"bool __usercall@<al>(BgVehiclePhysicsAtvQuadNew *this@<rcx>, BGVehicles *vehicleSystem@<rdx>, Physics_WorldId worldId@<r8d>, unsigned int vehicleId@<r9d>, __int128 *__struct_ptr _XMM0@<xmm0>, int entityNumber, unsigned int vehDefIndex, const VehicleDef *vehDef)"
0x1405A8300,importConstraints,,0x141BAB330,medium,1.535,1.535,2 shared rare constants; struct_sim=0.49,"__int64 __fastcall(hknpWorld *world, hkStreamReader *reader, NpSimulationSnapshot::PostImportPatch *__formal)"
0x140827980,SetProfileDefaults,,0x141A71C50,medium,1.529,0.32,2 shared rare constants; struct_sim=0.49,"void __fastcall(GamerSettingState *state, const int controllerIndex)"
0x1412E0F6C,unbound_search,,0x143806020,medium,1.52,1.52,2 shared rare constants; struct_sim=0.48,"__int64 __usercall@<rax>(GCtab *t@<rcx>, unsigned int j@<edx>, __int128 *__struct_ptr _XMM0@<xmm0>)"
0x140E6B7B0,R_MDAO_DrawVolumeOccluders,,0x1420DA390,medium,1.508,1.508,2 shared rare constants; struct_sim=0.47,"void __usercall(GfxCmdBufContext *context@<rcx>, const GfxViewInfo *viewInfo@<rdx>, const GfxBackEndData *data@<r8>, const R_RT_ColorHandle *rtFloatzHalf@<r9>, __int128 _XMM0@<xmm0>, __int128 _XMM6@<xmm6>, const R_RT_ColorHandle *rtTangentFrame)"
0x14041F480,G_Vehicle_TouchEntities,,0x140D22620,medium,1.471,1.471,2 shared rare constants; struct_sim=0.45,"void __usercall(gentity_s *ent@<rcx>, signed __int64@<rax>, __int128 _XMM6@<xmm6>, __int128 _XMM7@<xmm7>, __int128 _XMM8@<xmm8>, __int128 _XMM9@<xmm9>, __int128 _XMM10@<xmm10>, __int128 _XMM11@<xmm11>, __int128 _XMM12@<xmm12>, __int128 _XMM13@<xmm13>, __int128 _XMM14@<xmm14>)"
0x1412DD814,strscan_dec,,0x143809140,medium,1.449,0.275,2 shared rare constants; struct_sim=0.43,"__int64 __usercall@<rax>(const char *p@<rcx>, TValue *o@<rdx>, StrScanFmt fmt@<r8d>, unsigned int opt@<r9d>, __int128 *__struct_ptr _XMM4@<xmm4>, int ex10, int neg, unsigned int dig)"
0x140ACDC10,Path_CalcLookahead,,0x1411C6110,medium,1.447,1.447,2 shared rare constants; struct_sim=0.43,"void __usercall(path_t *pPath@<rcx>, const vec3_t *vStartPos@<rdx>, int bReduceLookaheadAmount@<r8d>, const Bounds *bounds@<r9>, __int128 *__struct_ptr _XMM0@<xmm0>, __int128 *__struct_ptr _XMM3@<xmm3>, __int128 *__struct_ptr _XMM6@<xmm6>, __int128 *__struct_ptr _XMM7@<xmm7>, __int128 *__struct_ptr _XMM8@<xmm8>, __int128 *__struct_ptr _XMM9@<xmm9>, __int128 *__struct_ptr _XMM10@<xmm10>, __int128 *__struct_ptr _XMM11@<xmm11>, __int128 *__struct_ptr _XMM12@<xmm12>, __int128 *__struct_ptr _XMM13@<xmm13>, __int128 *__struct_ptr _XMM14@<xmm14>, __int128 *__struct_ptr _XMM15@<xmm15>)"
0x141390B50,detectBinaryTagfile2014,,0x142BC9F40,medium,1.434,0.463,2 shared rare constants; struct_sim=0.42,"bool __fastcall(const void *buf, unsigned __int64 bufSize)"
0x140F5F140,hkcdConvexPenetrationUtil::calculatePenetrationDepth,,0x14399E240,medium,1.427,0.822,2 shared rare constants; struct_sim=0.42,"__int64 __usercall@<rax>(hkcdConvexPenetrationUtil *this@<rcx>, hkcdGsk::GetClosestPointOutput *output@<rdx>, __int128 _XMM0@<xmm0>, __int128 _XMM6@<xmm6>, __int128 _XMM7@<xmm7>, __int128 _XMM8@<xmm8>, __int128 _XMM9@<xmm9>, __int128 _XMM10@<xmm10>, __int128 _XMM11@<xmm11>, __int128 _XMM12@<xmm12>, __int128 _XMM13@<xmm13>, __int128 _XMM14@<xmm14>, __int128 _XMM15@<xmm15>)"
